1.327999999999999936e+01,2.028000000000000114e+01,8.731999999999999318e+01,5.452000000000000455e+02,1.040999999999999981e-01,1.436000000000000054e-01,9.847000000000000197e-02,6.158000000000000279e-02,1.973999999999999921e-01,6.782000000000000528e-02,3.704000000000000070e-01,8.248999999999999666e-01,2.427000000000000046e+00,3.132999999999999829e+01,5.072000000000000119e-03,2.146999999999999950e-02,2.185000000000000137e-02,9.560000000000000789e-03,1.719000000000000042e-02,3.317000000000000070e-03,1.737999999999999901e+01,2.800000000000000000e+01,1.130999999999999943e+02,9.072000000000000455e+02,1.529999999999999971e-01,3.724000000000000088e-01,3.664000000000000035e-01,1.491999999999999993e-01,3.739000000000000101e-01,1.026999999999999996e-01
1.275999999999999979e+01,1.883999999999999986e+01,8.187000000000000455e+01,4.966000000000000227e+02,9.675999999999999879e-02,7.951999999999999347e-02,2.688000000000000111e-02,1.780999999999999944e-02,1.759000000000000008e-01,6.183000000000000301e-02,2.212999999999999967e-01,1.284999999999999920e+00,1.534999999999999920e+00,1.726000000000000156e+01,5.608000000000000138e-03,1.645999999999999894e-02,1.528999999999999977e-02,9.997000000000000677e-03,1.908999999999999933e-02,2.132999999999999913e-03,1.375000000000000000e+01,2.598999999999999844e+01,8.781999999999999318e+01,5.797000000000000455e+02,1.297999999999999987e-01,1.839000000000000079e-01,1.255000000000000004e-01,8.311999999999999944e-02,2.743999999999999773e-01,7.237999999999999989e-02
1.612999999999999901e+01,1.787999999999999901e+01,1.070000000000000000e+02,8.072000000000000455e+02,1.039999999999999952e-01,1.559000000000000108e-01,1.353999999999999926e-01,7.752000000000000557e-02,1.998000000000000054e-01,6.514999999999999958e-02,3.340000000000000191e-01,6.856999999999999762e-01,2.182999999999999829e+00,3.503000000000000114e+01,4.185000000000000352e-03,2.868000000000000063e-02,2.664000000000000049e-02,9.067000000000000406e-03,1.703000000000000000e-02,3.817000000000000080e-03,2.021000000000000085e+01,2.726000000000000156e+01,1.326999999999999886e+02,1.261000000000000000e+03,1.446000000000000063e-01,5.804000000000000270e-01,5.273999999999999799e-01,1.864000000000000101e-01,4.269999999999999907e-01,1.233000000000000068e-01
1.485999999999999943e+01,2.321000000000000085e+01,1.004000000000000057e+02,6.713999999999999773e+02,1.044000000000000067e-01,1.980000000000000093e-01,1.696999999999999897e-01,8.877999999999999781e-02,1.736999999999999933e-01,6.672000000000000153e-02,2.796000000000000152e-01,9.622000000000000552e-01,3.591000000000000192e+00,2.519999999999999929e+01,8.080999999999999642e-03,5.122000000000000164e-02,5.550999999999999684e-02,1.882999999999999952e-02,2.545000000000000040e-02,4.311999999999999861e-03,1.607999999999999829e+01,2.778000000000000114e+01,1.185999999999999943e+02,7.847000000000000455e+02,1.315999999999999948e-01,4.647999999999999909e-01,4.588999999999999746e-01,1.726999999999999924e-01,2.999999999999999889e-01,8.701000000000000401e-02
1.119999999999999929e+01,2.937000000000000099e+01,7.067000000000000171e+01,3.860000000000000000e+02,7.449000000000000066e-02,3.558000000000000052e-02,0.000000000000000000e+00,0.000000000000000000e+00,1.059999999999999970e-01,5.501999999999999946e-02,3.140999999999999903e-01,3.895999999999999908e+00,2.040999999999999925e+00,2.280999999999999872e+01,7.594000000000000056e-03,8.878000000000000475e-03,0.000000000000000000e+00,0.000000000000000000e+00,1.989000000000000143e-02,1.773000000000000053e-03,1.191999999999999993e+01,3.829999999999999716e+01,7.518999999999999773e+01,4.396000000000000227e+02,9.267000000000000237e-02,5.494000000000000272e-02,0.000000000000000000e+00,0.000000000000000000e+00,1.565999999999999892e-01,5.904999999999999832e-02
1.206000000000000050e+01,1.889999999999999858e+01,7.665999999999999659e+01,4.453000000000000114e+02,8.386000000000000398e-02,5.793999999999999845e-02,7.510000000000000182e-03,8.488000000000000753e-03,1.554999999999999993e-01,6.047999999999999904e-02,2.429999999999999938e-01,1.151999999999999913e+00,1.558999999999999941e+00,1.801999999999999957e+01,7.179999999999999750e-03,1.095999999999999926e-02,5.832000000000000378e-03,5.494999999999999885e-03,1.982000000000000081e-02,2.753999999999999938e-03,1.364000000000000057e+01,2.705999999999999872e+01,8.654000000000000625e+01,5.626000000000000227e+02,1.288999999999999868e-01,1.351999999999999869e-01,4.506000000000000283e-02,5.093000000000000305e-02,2.879999999999999782e-01,8.082999999999999907e-02
1.719000000000000128e+01,2.207000000000000028e+01,1.115999999999999943e+02,9.282999999999999545e+02,9.725999999999999923e-02,8.995000000000000218e-02,9.060999999999999610e-02,6.526999999999999469e-02,1.867000000000000048e-01,5.580000000000000238e-02,4.203000000000000069e-01,7.382999999999999563e-01,2.818999999999999950e+00,4.542000000000000171e+01,4.492999999999999598e-03,1.205999999999999954e-02,2.048000000000000168e-02,9.875000000000000097e-03,1.144000000000000052e-02,1.575000000000000011e-03,2.157999999999999829e+01,2.932999999999999829e+01,1.405000000000000000e+02,1.436000000000000000e+03,1.557999999999999940e-01,2.566999999999999837e-01,3.889000000000000234e-01,1.983999999999999930e-01,3.215999999999999970e-01,7.570000000000000340e-02
1.518999999999999950e+01,1.321000000000000085e+01,9.765000000000000568e+01,7.117999999999999545e+02,7.963000000000000633e-02,6.933999999999999886e-02,3.393000000000000183e-02,2.656999999999999987e-02,1.721000000000000030e-01,5.544000000000000317e-02,1.782999999999999863e-01,4.124999999999999778e-01,1.338000000000000078e+00,1.771999999999999886e+01,5.011999999999999962e-03,1.485000000000000035e-02,1.550999999999999948e-02,9.154999999999999943e-03,1.646999999999999853e-02,1.766999999999999908e-03,1.619999999999999929e+01,1.573000000000000043e+01,1.045000000000000000e+02,8.191000000000000227e+02,1.126000000000000056e-01,1.736999999999999933e-01,1.361999999999999877e-01,8.178000000000000547e-02,2.487000000000000044e-01,6.765999999999999792e-02
1.132000000000000028e+01,2.707999999999999829e+01,7.176000000000000512e+01,3.956999999999999886e+02,6.883000000000000229e-02,3.812999999999999723e-02,1.633000000000000076e-02,3.125000000000000173e-03,1.869000000000000106e-01,5.627999999999999670e-02,1.209999999999999964e-01,8.927000000000000490e-01,1.058999999999999941e+00,8.605000000000000426e+00,3.652999999999999997e-03,1.646999999999999853e-02,1.633000000000000076e-02,3.125000000000000173e-03,1.536999999999999998e-02,2.052000000000000005e-03,1.208000000000000007e+01,3.375000000000000000e+01,7.981999999999999318e+01,4.523000000000000114e+02,9.203000000000000069e-02,1.431999999999999940e-01,1.088999999999999968e-01,2.083000000000000129e-02,2.848999999999999866e-01,7.087000000000000244e-02
1.174000000000000021e+01,1.401999999999999957e+01,7.423999999999999488e+01,4.273000000000000114e+02,7.813000000000000500e-02,4.340000000000000108e-02,2.245000000000000120e-02,2.762999999999999831e-02,2.101000000000000090e-01,6.112999999999999684e-02,5.618999999999999551e-01,1.268000000000000016e+00,3.717000000000000082e+00,3.782999999999999829e+01,8.033999999999999475e-03,1.442000000000000053e-02,1.514000000000000068e-02,1.846000000000000071e-02,2.920999999999999985e-02,2.004999999999999838e-03,1.331000000000000050e+01,1.826000000000000156e+01,8.470000000000000284e+01,5.337000000000000455e+02,1.035999999999999976e-01,8.500000000000000611e-02,6.734999999999999321e-02,8.290000000000000147e-02,3.100999999999999868e-01,6.687999999999999501e-02
1.458000000000000007e+01,2.153000000000000114e+01,9.740999999999999659e+01,6.447999999999999545e+02,1.053999999999999937e-01,1.867999999999999938e-01,1.424999999999999878e-01,8.783000000000000529e-02,2.252000000000000113e-01,6.923999999999999599e-02,2.545000000000000040e-01,9.831999999999999629e-01,2.109999999999999876e+00,2.105000000000000071e+01,4.452000000000000228e-03,3.055000000000000077e-02,2.681000000000000050e-02,1.352000000000000077e-02,1.454000000000000084e-02,3.710999999999999889e-03,1.762000000000000099e+01,3.321000000000000085e+01,1.224000000000000057e+02,8.968999999999999773e+02,1.524999999999999967e-01,6.643000000000000016e-01,5.538999999999999480e-01,2.701000000000000068e-01,4.264000000000000012e-01,1.275000000000000022e-01
1.650000000000000000e+01,1.828999999999999915e+01,1.065999999999999943e+02,8.381000000000000227e+02,9.686000000000000165e-02,8.468000000000000527e-02,5.861999999999999850e-02,4.834999999999999715e-02,1.494999999999999940e-01,5.593000000000000055e-02,3.388999999999999790e-01,1.439000000000000057e+00,2.343999999999999861e+00,3.357999999999999829e+01,7.257000000000000429e-03,1.805000000000000007e-02,1.831999999999999948e-02,1.033000000000000064e-02,1.694000000000000020e-02,2.001000000000000174e-03,1.812999999999999901e+01,2.544999999999999929e+01,1.172000000000000028e+02,1.009000000000000000e+03,1.338000000000000023e-01,1.678999999999999937e-01,1.663000000000000034e-01,9.123000000000000553e-02,2.394000000000000017e-01,6.468999999999999750e-02
1.426999999999999957e+01,2.255000000000000071e+01,9.376999999999999602e+01,6.297999999999999545e+02,1.038000000000000034e-01,1.154000000000000026e-01,1.463000000000000134e-01,6.139000000000000012e-02,1.925999999999999934e-01,5.981999999999999817e-02,2.026999999999999913e-01,1.850999999999999979e+00,1.895000000000000018e+00,1.853999999999999915e+01,6.113000000000000378e-03,2.582999999999999879e-02,4.644999999999999823e-02,1.276000000000000051e-02,1.451000000000000033e-02,3.755999999999999790e-03,1.528999999999999915e+01,3.427000000000000313e+01,1.042999999999999972e+02,7.282999999999999545e+02,1.380000000000000115e-01,2.732999999999999874e-01,4.233999999999999986e-01,1.361999999999999877e-01,2.697999999999999843e-01,8.351000000000000090e-02
1.980000000000000071e+01,2.155999999999999872e+01,1.296999999999999886e+02,1.230000000000000000e+03,9.382999999999999674e-02,1.305999999999999939e-01,1.272000000000000075e-01,8.691000000000000114e-02,2.094000000000000028e-01,5.580999999999999850e-02,9.553000000000000380e-01,1.185999999999999943e+00,6.487000000000000099e+00,1.244000000000000057e+02,6.804000000000000152e-03,3.169000000000000289e-02,3.445999999999999758e-02,1.711999999999999980e-02,1.897000000000000075e-02,4.044999999999999984e-03,2.573000000000000043e+01,2.864000000000000057e+01,1.703000000000000114e+02,2.009000000000000000e+03,1.353000000000000036e-01,3.235000000000000098e-01,3.617000000000000215e-01,1.819999999999999951e-01,3.069999999999999951e-01,8.254999999999999838e-02
1.635000000000000142e+01,2.328999999999999915e+01,1.090000000000000000e+02,8.403999999999999773e+02,9.742000000000000659e-02,1.496999999999999997e-01,1.811000000000000110e-01,8.773000000000000242e-02,2.174999999999999989e-01,6.217999999999999916e-02,4.312000000000000277e-01,1.022000000000000020e+00,2.971999999999999975e+00,4.550000000000000000e+01,5.635000000000000252e-03,3.917000000000000343e-02,6.072000000000000314e-02,1.655999999999999833e-02,3.196999999999999842e-02,4.085000000000000089e-03,1.937999999999999901e+01,3.103000000000000114e+01,1.293000000000000114e+02,1.165000000000000000e+03,1.414999999999999869e-01,4.665000000000000258e-01,7.086999999999999966e-01,2.247999999999999998e-01,4.823999999999999955e-01,9.614000000000000323e-02
1.066000000000000014e+01,1.515000000000000036e+01,6.748999999999999488e+01,3.496000000000000227e+02,8.791999999999999815e-02,4.302000000000000268e-02,0.000000000000000000e+00,0.000000000000000000e+00,1.927999999999999992e-01,5.974999999999999756e-02,3.309000000000000274e-01,1.925000000000000044e+00,2.154999999999999805e+00,2.198000000000000043e+01,8.713000000000000259e-03,1.017000000000000022e-02,0.000000000000000000e+00,0.000000000000000000e+00,3.264999999999999847e-02,1.002000000000000069e-03,1.153999999999999915e+01,1.919999999999999929e+01,7.320000000000000284e+01,4.083000000000000114e+02,1.076000000000000012e-01,6.790999999999999814e-02,0.000000000000000000e+00,0.000000000000000000e+00,2.710000000000000187e-01,6.164000000000000035e-02
1.860999999999999943e+01,2.025000000000000000e+01,1.220999999999999943e+02,1.094000000000000000e+03,9.439999999999999780e-02,1.066000000000000003e-01,1.489999999999999936e-01,7.731000000000000372e-02,1.696999999999999897e-01,5.698999999999999899e-02,8.528999999999999915e-01,1.848999999999999977e+00,5.631999999999999673e+00,9.354000000000000625e+01,1.074999999999999914e-02,2.722000000000000114e-02,5.081000000000000100e-02,1.910999999999999852e-02,2.292999999999999899e-02,4.217000000000000262e-03,2.130999999999999872e+01,2.726000000000000156e+01,1.399000000000000057e+02,1.403000000000000000e+03,1.338000000000000023e-01,2.116999999999999993e-01,3.446000000000000174e-01,1.489999999999999936e-01,2.341000000000000025e-01,7.420999999999999819e-02
1.326999999999999957e+01,1.701999999999999957e+01,8.454999999999999716e+01,5.463999999999999773e+02,8.444999999999999729e-02,4.993999999999999828e-02,3.554000000000000214e-02,2.455999999999999850e-02,1.496000000000000107e-01,5.673999999999999877e-02,2.927000000000000157e-01,8.907000000000000473e-01,2.044000000000000039e+00,2.467999999999999972e+01,6.032000000000000035e-03,1.103999999999999947e-02,2.258999999999999897e-02,9.057000000000000814e-03,1.481999999999999984e-02,2.495999999999999955e-03,1.514000000000000057e+01,2.360000000000000142e+01,9.884000000000000341e+01,7.087999999999999545e+02,1.275999999999999912e-01,1.310999999999999943e-01,1.786000000000000087e-01,9.678000000000000491e-02,2.505999999999999894e-01,7.623000000000000609e-02
1.396000000000000085e+01,1.705000000000000071e+01,9.143000000000000682e+01,6.023999999999999773e+02,1.096000000000000030e-01,1.279000000000000137e-01,9.789000000000000479e-02,5.245999999999999969e-02,1.907999999999999974e-01,6.130000000000000032e-02,4.249999999999999889e-01,8.097999999999999643e-01,2.563000000000000167e+00,3.574000000000000199e+01,6.350999999999999875e-03,2.679000000000000131e-02,3.118999999999999898e-02,1.341999999999999964e-02,2.061999999999999944e-02,2.694999999999999913e-03,1.639000000000000057e+01,2.207000000000000028e+01,1.080999999999999943e+02,8.260000000000000000e+02,1.512000000000000011e-01,3.261999999999999900e-01,3.209000000000000186e-01,1.373999999999999944e-01,3.068000000000000171e-01,7.957000000000000184e-02
1.577999999999999936e+01,2.291000000000000014e+01,1.057000000000000028e+02,7.826000000000000227e+02,1.155000000000000054e-01,1.751999999999999946e-01,2.132999999999999896e-01,9.478999999999999926e-02,2.096000000000000085e-01,7.331000000000000016e-02,5.520000000000000462e-01,1.072000000000000064e+00,3.597999999999999865e+00,5.863000000000000256e+01,8.699000000000000135e-03,3.975999999999999673e-02,5.949999999999999734e-02,1.389999999999999916e-02,1.494999999999999975e-02,5.983999999999999736e-03,2.019000000000000128e+01,3.050000000000000000e+01,1.303000000000000114e+02,1.272000000000000000e+03,1.854999999999999982e-01,4.924999999999999933e-01,7.356000000000000316e-01,2.033999999999999975e-01,3.274000000000000243e-01,1.252000000000000057e-01
1.481000000000000050e+01,1.469999999999999929e+01,9.465999999999999659e+01,6.807000000000000455e+02,8.472000000000000364e-02,5.016000000000000320e-02,3.416000000000000286e-02,2.540999999999999856e-02,1.658999999999999919e-01,5.347999999999999976e-02,2.182000000000000051e-01,6.231999999999999762e-01,1.677000000000000046e+00,2.071999999999999886e+01,6.708000000000000421e-03,1.196999999999999974e-02,1.481999999999999984e-02,1.055999999999999994e-02,1.580000000000000154e-02,1.778999999999999982e-03,1.560999999999999943e+01,1.757999999999999829e+01,1.017000000000000028e+02,7.602000000000000455e+02,1.139000000000000012e-01,1.010999999999999954e-01,1.101000000000000034e-01,7.954999999999999571e-02,2.333999999999999964e-01,6.142000000000000237e-02
1.807999999999999829e+01,2.183999999999999986e+01,1.174000000000000057e+02,1.024000000000000000e+03,7.370999999999999774e-02,8.641999999999999682e-02,1.102999999999999953e-01,5.777999999999999803e-02,1.769999999999999907e-01,5.340000000000000302e-02,6.361999999999999877e-01,1.304999999999999938e+00,4.312000000000000277e+00,7.635999999999999943e+01,5.530000000000000193e-03,5.296000000000000013e-02,6.110000000000000153e-02,1.443999999999999971e-02,2.139999999999999888e-02,5.035999999999999678e-03,1.976000000000000156e+01,2.469999999999999929e+01,1.290999999999999943e+02,1.228000000000000000e+03,8.822000000000000675e-02,1.963000000000000023e-01,2.535000000000000031e-01,9.181000000000000272e-02,2.368999999999999995e-01,6.557999999999999940e-02
1.131000000000000050e+01,1.903999999999999915e+01,7.179999999999999716e+01,3.941000000000000227e+02,8.139000000000000401e-02,4.701000000000000317e-02,3.708999999999999797e-02,2.230000000000000038e-02,1.516000000000000125e-01,5.666999999999999815e-02,2.726999999999999980e-01,9.428999999999999604e-01,1.830999999999999961e+00,1.814999999999999858e+01,9.282000000000000320e-03,9.216000000000000233e-03,2.062999999999999903e-02,8.965000000000000746e-03,2.182999999999999871e-02,2.145999999999999904e-03,1.233000000000000007e+01,2.383999999999999986e+01,7.800000000000000000e+01,4.666999999999999886e+02,1.290000000000000036e-01,9.148000000000000576e-02,1.444000000000000006e-01,6.961000000000000520e-02,2.399999999999999911e-01,6.640999999999999681e-02
8.596999999999999531e+00,1.860000000000000142e+01,5.409000000000000341e+01,2.211999999999999886e+02,1.073999999999999955e-01,5.847000000000000114e-02,0.000000000000000000e+00,0.000000000000000000e+00,2.162999999999999923e-01,7.359000000000000263e-02,3.367999999999999883e-01,2.777000000000000135e+00,2.221999999999999975e+00,1.780999999999999872e+01,2.075000000000000108e-02,1.403000000000000080e-02,0.000000000000000000e+00,0.000000000000000000e+00,6.146000000000000074e-02,6.819999999999999674e-03,8.951999999999999957e+00,2.244000000000000128e+01,5.664999999999999858e+01,2.400999999999999943e+02,1.346999999999999864e-01,7.767000000000000293e-02,0.000000000000000000e+00,0.000000000000000000e+00,3.141999999999999793e-01,8.115999999999999603e-02
2.175000000000000000e+01,2.098999999999999844e+01,1.473000000000000114e+02,1.491000000000000000e+03,9.400999999999999635e-02,1.960999999999999965e-01,2.195000000000000007e-01,1.087999999999999939e-01,1.721000000000000030e-01,6.194000000000000200e-02,1.167000000000000037e+00,1.352000000000000091e+00,8.867000000000000881e+00,1.568000000000000114e+02,5.687000000000000215e-03,4.959999999999999826e-02,6.328999999999999904e-02,1.561000000000000061e-02,1.924000000000000016e-02,4.614000000000000046e-03,2.819000000000000128e+01,2.817999999999999972e+01,1.959000000000000057e+02,2.384000000000000000e+03,1.272000000000000075e-01,4.724999999999999756e-01,5.806999999999999940e-01,1.841000000000000136e-01,2.832999999999999963e-01,8.858000000000000596e-02
1.616000000000000014e+01,2.153999999999999915e+01,1.062000000000000028e+02,8.097999999999999545e+02,1.008000000000000007e-01,1.283999999999999864e-01,1.043000000000000038e-01,5.612999999999999934e-02,2.159999999999999976e-01,5.890999999999999709e-02,4.331999999999999740e-01,1.264999999999999902e+00,2.843999999999999861e+00,4.367999999999999972e+01,4.877000000000000259e-03,1.951999999999999916e-02,2.219000000000000139e-02,9.230999999999999622e-03,1.535000000000000080e-02,2.373000000000000109e-03,1.946999999999999886e+01,3.167999999999999972e+01,1.296999999999999886e+02,1.175000000000000000e+03,1.395000000000000129e-01,3.054999999999999938e-01,2.992000000000000215e-01,1.312000000000000111e-01,3.479999999999999760e-01,7.618999999999999384e-02
1.356000000000000050e+01,1.390000000000000036e+01,8.859000000000000341e+01,5.612999999999999545e+02,1.050999999999999990e-01,1.192000000000000004e-01,7.860000000000000320e-02,4.451000000000000095e-02,1.962000000000000133e-01,6.303000000000000269e-02,2.569000000000000172e-01,4.980999999999999872e-01,2.011000000000000121e+00,2.103000000000000114e+01,5.851000000000000298e-03,2.314000000000000085e-02,2.544000000000000081e-02,8.359999999999999376e-03,1.841999999999999887e-02,2.918000000000000021e-03,1.498000000000000043e+01,1.712999999999999901e+01,1.010999999999999943e+02,6.866000000000000227e+02,1.376000000000000001e-01,2.697999999999999843e-01,2.576999999999999846e-01,9.089999999999999469e-02,3.064999999999999947e-01,8.176999999999999547e-02
9.294999999999999929e+00,1.390000000000000036e+01,5.996000000000000085e+01,2.578000000000000114e+02,1.370999999999999996e-01,1.224999999999999978e-01,3.332000000000000239e-02,2.420999999999999888e-02,2.197000000000000064e-01,7.696000000000000063e-02,3.538000000000000034e-01,1.129999999999999893e+00,2.387999999999999901e+00,1.962999999999999901e+01,1.545999999999999978e-02,2.539999999999999897e-02,2.196999999999999995e-02,1.580000000000000154e-02,3.996999999999999859e-02,3.900999999999999954e-03,1.057000000000000028e+01,1.783999999999999986e+01,6.784000000000000341e+01,3.266000000000000227e+02,1.849999999999999978e-01,2.096999999999999975e-01,9.995999999999999330e-02,7.262000000000000399e-02,3.680999999999999828e-01,8.981999999999999706e-02
1.901999999999999957e+01,2.458999999999999986e+01,1.220000000000000000e+02,1.076000000000000000e+03,9.028999999999999526e-02,1.205999999999999989e-01,1.468000000000000138e-01,8.271000000000000574e-02,1.953000000000000014e-01,5.628999999999999976e-02,5.494999999999999885e-01,6.635999999999999677e-01,3.055000000000000160e+00,5.764999999999999858e+01,3.872000000000000008e-03,1.841999999999999887e-02,3.710000000000000103e-02,1.200000000000000025e-02,1.964000000000000121e-02,3.337000000000000122e-03,2.455999999999999872e+01,3.041000000000000014e+01,1.529000000000000057e+02,1.623000000000000000e+03,1.248999999999999971e-01,3.205999999999999961e-01,5.755000000000000115e-01,1.955999999999999961e-01,3.956000000000000072e-01,9.288000000000000422e-02
2.044000000000000128e+01,2.178000000000000114e+01,1.338000000000000114e+02,1.293000000000000000e+03,9.149999999999999800e-02,1.131000000000000061e-01,9.798999999999999377e-02,7.785000000000000253e-02,1.617999999999999994e-01,5.557000000000000134e-02,5.780999999999999472e-01,9.167999999999999483e-01,4.217999999999999972e+00,7.243999999999999773e+01,6.207999999999999977e-03,1.906000000000000055e-02,2.375000000000000028e-02,1.460999999999999972e-02,1.444999999999999930e-02,1.905999999999999925e-03,2.430999999999999872e+01,2.637000000000000099e+01,1.611999999999999886e+02,1.780000000000000000e+03,1.327000000000000124e-01,2.376000000000000056e-01,2.701999999999999957e-01,1.764999999999999902e-01,2.609000000000000208e-01,6.734999999999999321e-02
2.351000000000000156e+01,2.426999999999999957e+01,1.550999999999999943e+02,1.747000000000000000e+03,1.068999999999999950e-01,1.282999999999999974e-01,2.308000000000000052e-01,1.409999999999999865e-01,1.796999999999999986e-01,5.505999999999999783e-02,1.008999999999999897e+00,9.244999999999999885e-01,6.461999999999999744e+00,1.640999999999999943e+02,6.291999999999999850e-03,1.970999999999999835e-02,3.581999999999999768e-02,1.301000000000000073e-02,1.478999999999999933e-02,3.118000000000000112e-03,3.067000000000000171e+01,3.073000000000000043e+01,2.024000000000000057e+02,2.906000000000000000e+03,1.514999999999999958e-01,2.677999999999999825e-01,4.818999999999999950e-01,2.089000000000000024e-01,2.592999999999999750e-01,7.738000000000000433e-02
1.017999999999999972e+01,1.753000000000000114e+01,6.512000000000000455e+01,3.131000000000000227e+02,1.060999999999999999e-01,8.501999999999999835e-02,1.768000000000000127e-02,1.915000000000000036e-02,1.910000000000000031e-01,6.908000000000000251e-02,2.467000000000000026e-01,1.217000000000000082e+00,1.641000000000000014e+00,1.505000000000000071e+01,7.898999999999999772e-03,1.400000000000000029e-02,8.533999999999999919e-03,7.623999999999999701e-03,2.637000000000000108e-02,3.761000000000000020e-03,1.116999999999999993e+01,2.283999999999999986e+01,7.193999999999999773e+01,3.756000000000000227e+02,1.406000000000000028e-01,1.439999999999999891e-01,6.572000000000000064e-02,5.575000000000000094e-02,3.054999999999999938e-01,8.797000000000000652e-02
1.376999999999999957e+01,1.326999999999999957e+01,8.806000000000000227e+01,5.827000000000000455e+02,9.198000000000000620e-02,6.221000000000000141e-02,1.063000000000000056e-02,1.916999999999999954e-02,1.592000000000000082e-01,5.911999999999999894e-02,2.190999999999999892e-01,6.945999999999999952e-01,1.479000000000000092e+00,1.773999999999999844e+01,4.348000000000000302e-03,8.153000000000000524e-03,4.271999999999999756e-03,6.829000000000000001e-03,2.154000000000000012e-02,1.801999999999999999e-03,1.466999999999999993e+01,1.692999999999999972e+01,9.417000000000000171e+01,6.611000000000000227e+02,1.170000000000000068e-01,1.072000000000000036e-01,3.731999999999999901e-02,5.802000000000000213e-02,2.822999999999999954e-01,6.794000000000000039e-02
1.050999999999999979e+01,2.308999999999999986e+01,6.684999999999999432e+01,3.341999999999999886e+02,1.015000000000000069e-01,6.797000000000000264e-02,2.494999999999999996e-02,1.874999999999999931e-02,1.695000000000000118e-01,6.555999999999999328e-02,2.867999999999999994e-01,1.143000000000000016e+00,2.289000000000000146e+00,2.055999999999999872e+01,1.017000000000000022e-02,1.443000000000000012e-02,1.861000000000000154e-02,1.250000000000000069e-02,3.463999999999999718e-02,1.971000000000000096e-03,1.092999999999999972e+01,2.421999999999999886e+01,7.009999999999999432e+01,3.626999999999999886e+02,1.142999999999999988e-01,8.613999999999999435e-02,4.157999999999999891e-02,3.125000000000000000e-02,2.227000000000000091e-01,6.776999999999999691e-02
1.917999999999999972e+01,2.248999999999999844e+01,1.275000000000000000e+02,1.148000000000000000e+03,8.523000000000000020e-02,1.428000000000000103e-01,1.113999999999999990e-01,6.772000000000000242e-02,1.766999999999999960e-01,5.528999999999999887e-02,4.356999999999999762e-01,1.072999999999999954e+00,3.833000000000000185e+00,5.421999999999999886e+01,5.524000000000000264e-03,3.697999999999999898e-02,2.706000000000000072e-02,1.221000000000000037e-02,1.414999999999999938e-02,3.396999999999999846e-03,2.335999999999999943e+01,3.206000000000000227e+01,1.664000000000000057e+02,1.688000000000000000e+03,1.322000000000000119e-01,5.601000000000000423e-01,3.865000000000000102e-01,1.708000000000000074e-01,3.192999999999999727e-01,9.221000000000000030e-02
1.249000000000000021e+01,1.685000000000000142e+01,7.918999999999999773e+01,4.816000000000000227e+02,8.511000000000000509e-02,3.833999999999999908e-02,4.473000000000000413e-03,6.422999999999999890e-03,1.214999999999999969e-01,5.673000000000000265e-02,1.716000000000000025e-01,7.150999999999999579e-01,1.046999999999999931e+00,1.268999999999999950e+01,4.928000000000000089e-03,3.011999999999999920e-03,2.619999999999999933e-03,3.389999999999999784e-03,1.392999999999999967e-02,1.343999999999999926e-03,1.333999999999999986e+01,1.971000000000000085e+01,8.448000000000000398e+01,5.442000000000000455e+02,1.103999999999999981e-01,4.952999999999999764e-02,1.938000000000000139e-02,2.784000000000000016e-02,1.917000000000000093e-01,6.174000000000000321e-02
1.057000000000000028e+01,1.832000000000000028e+01,6.681999999999999318e+01,3.408999999999999773e+02,8.142000000000000626e-02,4.461999999999999994e-02,1.992999999999999980e-02,1.111000000000000008e-02,2.371999999999999942e-01,5.768000000000000210e-02,1.817999999999999894e-01,2.541999999999999815e+00,1.276999999999999913e+00,1.311999999999999922e+01,1.072000000000000036e-02,1.331000000000000065e-02,1.992999999999999980e-02,1.111000000000000008e-02,1.717000000000000123e-02,4.492000000000000333e-03,1.093999999999999950e+01,2.330999999999999872e+01,6.934999999999999432e+01,3.663000000000000114e+02,9.793999999999999928e-02,6.542000000000000592e-02,3.985999999999999960e-02,2.222000000000000017e-02,2.698999999999999733e-01,6.736000000000000321e-02
1.669000000000000128e+01,2.019999999999999929e+01,1.070999999999999943e+02,8.576000000000000227e+02,7.496999999999999498e-02,7.112000000000000266e-02,3.649000000000000160e-02,2.307000000000000023e-02,1.845999999999999863e-01,5.324999999999999872e-02,2.472999999999999921e-01,5.678999999999999604e-01,1.774999999999999911e+00,2.294999999999999929e+01,2.667000000000000100e-03,1.446000000000000063e-02,1.422999999999999959e-02,5.296999999999999625e-03,1.960999999999999896e-02,1.699999999999999905e-03,1.917999999999999972e+01,2.655999999999999872e+01,1.272999999999999972e+02,1.084000000000000000e+03,1.009000000000000036e-01,2.919999999999999818e-01,2.477000000000000035e-01,8.737000000000000322e-02,4.677000000000000046e-01,7.623000000000000609e-02
1.944000000000000128e+01,1.882000000000000028e+01,1.280999999999999943e+02,1.167000000000000000e+03,1.088999999999999968e-01,1.448000000000000120e-01,2.255999999999999950e-01,1.194000000000000061e-01,1.822999999999999898e-01,6.115000000000000296e-02,5.658999999999999586e-01,1.407999999999999918e+00,3.630999999999999783e+00,6.773999999999999488e+01,5.288000000000000166e-03,2.833000000000000101e-02,4.256000000000000061e-02,1.175999999999999962e-02,1.717000000000000123e-02,3.210999999999999879e-03,2.396000000000000085e+01,3.039000000000000057e+01,1.539000000000000057e+02,1.740000000000000000e+03,1.514000000000000068e-01,3.724999999999999978e-01,5.936000000000000165e-01,2.059999999999999887e-01,3.266000000000000014e-01,9.009000000000000341e-02
1.242999999999999972e+01,1.700000000000000000e+01,7.859999999999999432e+01,4.773000000000000114e+02,7.556999999999999829e-02,3.454000000000000126e-02,1.341999999999999964e-02,1.699000000000000163e-02,1.471999999999999975e-01,5.560999999999999971e-02,3.778000000000000247e-01,2.200000000000000178e+00,2.487000000000000099e+00,3.116000000000000014e+01,7.356999999999999824e-03,1.078999999999999924e-02,9.959000000000000838e-03,1.119999999999999989e-02,3.432999999999999940e-02,2.961000000000000090e-03,1.290000000000000036e+01,2.021000000000000085e+01,8.176000000000000512e+01,5.158999999999999773e+02,8.408999999999999808e-02,4.712000000000000216e-02,2.237000000000000099e-02,2.832000000000000142e-02,1.900999999999999912e-01,5.931999999999999773e-02
1.360999999999999943e+01,2.498000000000000043e+01,8.804999999999999716e+01,5.827000000000000455e+02,9.488000000000000600e-02,8.511000000000000509e-02,8.624999999999999334e-02,4.488999999999999935e-02,1.608999999999999875e-01,5.870999999999999830e-02,4.565000000000000169e-01,1.290000000000000036e+00,2.861000000000000210e+00,4.314000000000000057e+01,5.871999999999999616e-03,1.488000000000000086e-02,2.647000000000000047e-02,9.920999999999999264e-03,1.464999999999999983e-02,2.354999999999999889e-03,1.698999999999999844e+01,3.527000000000000313e+01,1.085999999999999943e+02,9.065000000000000000e+02,1.265000000000000013e-01,1.943000000000000005e-01,3.169000000000000150e-01,1.184000000000000052e-01,2.651000000000000023e-01,7.396999999999999409e-02
1.939999999999999858e+01,2.350000000000000000e+01,1.290999999999999943e+02,1.155000000000000000e+03,1.026999999999999996e-01,1.557999999999999940e-01,2.048999999999999988e-01,8.885999999999999455e-02,1.978000000000000036e-01,5.999999999999999778e-02,5.242999999999999883e-01,1.802000000000000046e+00,4.036999999999999922e+00,6.040999999999999659e+01,1.060999999999999964e-02,3.252000000000000030e-02,3.914999999999999730e-02,1.558999999999999969e-02,2.186000000000000096e-02,3.949000000000000253e-03,2.164999999999999858e+01,3.053000000000000114e+01,1.449000000000000057e+02,1.417000000000000000e+03,1.463000000000000134e-01,2.968000000000000083e-01,3.457999999999999963e-01,1.564000000000000112e-01,2.919999999999999818e-01,7.613999999999999935e-02
2.017999999999999972e+01,2.396999999999999886e+01,1.436999999999999886e+02,1.245000000000000000e+03,1.285999999999999921e-01,3.453999999999999848e-01,3.754000000000000115e-01,1.603999999999999870e-01,2.906000000000000250e-01,8.142000000000000626e-02,9.316999999999999726e-01,1.885000000000000009e+00,8.648999999999999133e+00,1.164000000000000057e+02,1.038000000000000034e-02,6.834999999999999409e-02,1.091000000000000025e-01,2.593000000000000166e-02,7.895000000000000628e-02,5.987000000000000134e-03,2.337000000000000099e+01,3.171999999999999886e+01,1.703000000000000114e+02,1.623000000000000000e+03,1.638999999999999901e-01,6.163999999999999480e-01,7.681000000000000050e-01,2.508000000000000229e-01,5.440000000000000391e-01,9.964000000000000634e-02
1.235999999999999943e+01,1.853999999999999915e+01,7.901000000000000512e+01,4.666999999999999886e+02,8.476999999999999813e-02,6.815000000000000224e-02,2.642999999999999863e-02,1.921000000000000138e-02,1.602000000000000091e-01,6.065999999999999864e-02,1.199000000000000066e-01,8.943999999999999728e-01,8.484000000000000430e-01,9.227000000000000313e+00,3.457000000000000003e-03,1.047000000000000014e-02,1.166999999999999982e-02,5.557999999999999573e-03,1.251000000000000029e-02,1.356000000000000000e-03,1.328999999999999915e+01,2.748999999999999844e+01,8.556000000000000227e+01,5.441000000000000227e+02,1.184000000000000052e-01,1.963000000000000023e-01,1.937000000000000111e-01,8.441999999999999504e-02,2.983000000000000096e-01,7.184999999999999720e-02
1.921000000000000085e+01,1.857000000000000028e+01,1.255000000000000000e+02,1.152000000000000000e+03,1.053000000000000047e-01,1.267000000000000071e-01,1.323000000000000009e-01,8.994000000000000605e-02,1.917000000000000093e-01,5.961000000000000326e-02,7.275000000000000355e-01,1.193000000000000060e+00,4.836999999999999744e+00,1.025000000000000000e+02,6.458000000000000199e-03,2.306000000000000064e-02,2.945000000000000048e-02,1.537999999999999957e-02,1.851999999999999827e-02,2.608000000000000075e-03,2.614000000000000057e+01,2.814000000000000057e+01,1.700999999999999943e+02,2.145000000000000000e+03,1.623999999999999888e-01,3.511000000000000232e-01,3.879000000000000226e-01,2.091000000000000081e-01,3.537000000000000144e-01,8.293999999999999984e-02
1.281000000000000050e+01,1.306000000000000050e+01,8.129000000000000625e+01,5.088000000000000114e+02,8.738999999999999546e-02,3.774000000000000271e-02,9.192999999999999783e-03,1.329999999999999932e-02,1.466000000000000081e-01,6.133000000000000257e-02,2.888999999999999901e-01,9.899000000000000021e-01,1.778000000000000025e+00,2.178999999999999915e+01,8.533999999999999919e-03,6.363999999999999865e-03,6.179999999999999730e-03,7.407999999999999655e-03,1.064999999999999974e-02,3.350999999999999812e-03,1.363000000000000078e+01,1.614999999999999858e+01,8.670000000000000284e+01,5.707000000000000455e+02,1.161999999999999977e-01,5.444999999999999840e-02,2.758000000000000035e-02,3.989999999999999797e-02,1.782999999999999863e-01,7.319000000000000505e-02
1.192999999999999972e+01,2.153000000000000114e+01,7.653000000000000114e+01,4.386000000000000227e+02,9.768000000000000294e-02,7.849000000000000421e-02,3.327999999999999708e-02,2.008000000000000063e-02,1.688000000000000056e-01,6.194000000000000200e-02,3.118000000000000216e-01,9.226999999999999647e-01,2.000000000000000000e+00,2.478999999999999915e+01,7.803000000000000040e-03,2.506999999999999854e-02,1.835000000000000173e-02,7.710999999999999972e-03,1.277999999999999969e-02,3.856000000000000053e-03,1.366999999999999993e+01,2.614999999999999858e+01,8.754000000000000625e+01,5.830000000000000000e+02,1.499999999999999944e-01,2.399000000000000021e-01,1.502999999999999892e-01,7.247000000000000663e-02,2.437999999999999889e-01,8.540999999999999981e-02
1.183999999999999986e+01,1.894000000000000128e+01,7.551000000000000512e+01,4.280000000000000000e+02,8.870999999999999719e-02,6.900000000000000577e-02,2.668999999999999845e-02,1.392999999999999967e-02,1.532999999999999918e-01,6.056999999999999884e-02,2.222000000000000086e-01,8.651999999999999691e-01,1.443999999999999950e+00,1.712000000000000099e+01,5.517000000000000202e-03,1.727000000000000063e-02,2.044999999999999943e-02,6.747000000000000393e-03,1.616000000000000075e-02,2.922000000000000118e-03,1.330000000000000071e+01,2.498999999999999844e+01,8.521999999999999886e+01,5.462999999999999545e+02,1.280000000000000027e-01,1.880000000000000004e-01,1.471000000000000085e-01,6.912999999999999701e-02,2.535000000000000031e-01,7.993000000000000105e-02
1.805000000000000071e+01,1.614999999999999858e+01,1.202000000000000028e+02,1.006000000000000000e+03,1.064999999999999974e-01,2.146000000000000130e-01,1.683999999999999941e-01,1.079999999999999988e-01,2.152000000000000024e-01,6.672999999999999765e-02,9.806000000000000272e-01,5.504999999999999893e-01,6.310999999999999943e+00,1.348000000000000114e+02,7.939999999999999142e-03,5.838999999999999746e-02,4.658000000000000335e-02,2.069999999999999965e-02,2.590999999999999900e-02,7.054000000000000374e-03,2.239000000000000057e+01,1.891000000000000014e+01,1.500999999999999943e+02,1.610000000000000000e+03,1.477999999999999869e-01,5.634000000000000119e-01,3.785999999999999921e-01,2.101999999999999980e-01,3.750999999999999890e-01,1.107999999999999957e-01
1.048000000000000043e+01,1.985999999999999943e+01,6.671999999999999886e+01,3.376999999999999886e+02,1.069999999999999979e-01,5.970999999999999919e-02,4.830999999999999878e-02,3.070000000000000159e-02,1.736999999999999933e-01,6.439999999999999891e-02,3.719000000000000083e-01,2.612000000000000099e+00,2.516999999999999904e+00,2.321999999999999886e+01,1.603999999999999870e-02,1.386000000000000079e-02,1.864999999999999991e-02,1.132999999999999979e-02,3.475999999999999923e-02,3.559999999999999797e-03,1.148000000000000043e+01,2.946000000000000085e+01,7.368000000000000682e+01,4.028000000000000114e+02,1.514999999999999958e-01,1.025999999999999968e-01,1.180999999999999966e-01,6.736000000000000321e-02,2.883000000000000007e-01,7.747999999999999332e-02
1.233999999999999986e+01,1.494999999999999929e+01,7.829000000000000625e+01,4.691000000000000227e+02,8.681999999999999440e-02,4.571000000000000063e-02,2.109000000000000111e-02,2.053999999999999923e-02,1.570999999999999897e-01,5.707999999999999879e-02,3.832999999999999741e-01,9.078000000000000513e-01,2.601999999999999869e+00,3.014999999999999858e+01,7.701999999999999645e-03,8.491000000000000283e-03,1.307000000000000002e-02,1.030000000000000013e-02,2.970000000000000070e-02,1.431999999999999896e-03,1.317999999999999972e+01,1.685000000000000142e+01,8.410999999999999943e+01,5.331000000000000227e+02,1.048000000000000043e-01,6.743999999999999995e-02,4.920999999999999680e-02,4.793000000000000038e-02,2.298000000000000043e-01,5.974000000000000143e-02
1.402999999999999936e+01,2.125000000000000000e+01,8.979000000000000625e+01,6.033999999999999773e+02,9.070000000000000284e-02,6.944999999999999785e-02,1.461999999999999932e-02,1.896000000000000116e-02,1.517000000000000015e-01,5.834999999999999909e-02,2.589000000000000190e-01,1.502999999999999892e+00,1.667000000000000037e+00,2.207000000000000028e+01,7.388999999999999735e-03,1.383000000000000028e-02,7.302000000000000331e-03,1.004000000000000031e-02,1.263000000000000060e-02,2.925000000000000083e-03,1.533000000000000007e+01,3.028000000000000114e+01,9.826999999999999602e+01,7.155000000000000000e+02,1.287000000000000088e-01,1.512999999999999901e-01,6.230999999999999733e-02,7.963000000000000633e-02,2.225999999999999923e-01,7.617000000000000159e-02
2.033999999999999986e+01,2.151000000000000156e+01,1.359000000000000057e+02,1.264000000000000000e+03,1.170000000000000068e-01,1.875000000000000000e-01,2.565000000000000058e-01,1.504000000000000059e-01,2.569000000000000172e-01,6.669999999999999540e-02,5.702000000000000401e-01,1.022999999999999909e+00,4.011999999999999567e+00,6.906000000000000227e+01,5.485000000000000292e-03,2.430999999999999828e-02,3.189999999999999780e-02,1.369000000000000078e-02,2.767999999999999974e-02,3.344999999999999883e-03,2.530000000000000071e+01,3.185999999999999943e+01,1.710999999999999943e+02,1.938000000000000000e+03,1.592000000000000082e-01,4.491999999999999882e-01,5.343999999999999861e-01,2.685000000000000164e-01,5.557999999999999607e-01,1.024000000000000049e-01
2.573000000000000043e+01,1.746000000000000085e+01,1.741999999999999886e+02,2.010000000000000000e+03,1.149000000000000021e-01,2.363000000000000100e-01,3.367999999999999883e-01,1.912999999999999978e-01,1.955999999999999961e-01,6.121000000000000052e-02,9.948000000000000176e-01,8.508999999999999897e-01,7.222000000000000419e+00,1.530999999999999943e+02,6.368999999999999662e-03,4.243000000000000244e-02,4.265999999999999653e-02,1.507999999999999965e-02,2.334999999999999923e-02,3.384999999999999988e-03,3.313000000000000256e+01,2.357999999999999829e+01,2.293000000000000114e+02,3.234000000000000000e+03,1.529999999999999971e-01,5.937000000000000055e-01,6.451000000000000068e-01,2.756000000000000116e-01,3.689999999999999947e-01,8.815000000000000613e-02
9.268000000000000682e+00,1.286999999999999922e+01,6.149000000000000199e+01,2.486999999999999886e+02,1.633999999999999897e-01,2.238999999999999879e-01,9.729999999999999760e-02,5.251999999999999724e-02,2.378000000000000114e-01,9.501999999999999336e-02,4.076000000000000179e-01,1.092999999999999972e+00,3.013999999999999790e+00,2.003999999999999915e+01,9.783000000000000029e-03,4.542000000000000204e-02,3.482999999999999985e-02,2.188000000000000014e-02,2.542000000000000162e-02,1.044999999999999922e-02,1.027999999999999936e+01,1.637999999999999901e+01,6.904999999999999716e+01,3.001999999999999886e+02,1.902000000000000079e-01,3.441000000000000170e-01,2.099000000000000032e-01,1.024999999999999939e-01,3.038000000000000145e-01,1.252000000000000057e-01
9.503999999999999559e+00,1.243999999999999950e+01,6.034000000000000341e+01,2.738999999999999773e+02,1.024000000000000049e-01,6.492000000000000548e-02,2.955999999999999947e-02,2.076000000000000068e-02,1.814999999999999947e-01,6.905000000000000027e-02,2.772999999999999909e-01,9.768000000000000016e-01,1.909000000000000030e+00,1.569999999999999929e+01,9.605999999999999955e-03,1.431999999999999940e-02,1.984999999999999959e-02,1.421000000000000041e-02,2.026999999999999982e-02,2.968000000000000152e-03,1.023000000000000043e+01,1.566000000000000014e+01,6.512999999999999545e+01,3.148999999999999773e+02,1.323999999999999899e-01,1.147999999999999993e-01,8.866999999999999882e-02,6.226999999999999896e-02,2.449999999999999956e-01,7.772999999999999354e-02
1.126999999999999957e+01,1.550000000000000000e+01,7.337999999999999545e+01,3.920000000000000000e+02,8.365000000000000213e-02,1.113999999999999990e-01,1.006999999999999978e-01,2.757000000000000076e-02,1.809999999999999942e-01,7.252000000000000113e-02,3.305000000000000160e-01,1.066999999999999948e+00,2.568999999999999950e+00,2.296999999999999886e+01,1.038000000000000034e-02,6.668999999999999928e-02,9.471999999999999864e-02,2.046999999999999861e-02,1.218999999999999945e-02,1.233000000000000068e-02,1.203999999999999915e+01,1.892999999999999972e+01,7.973000000000000398e+01,4.500000000000000000e+02,1.102000000000000063e-01,2.808999999999999830e-01,3.020999999999999797e-01,8.272000000000000186e-02,2.157000000000000028e-01,1.043000000000000038e-01
1.373000000000000043e+01,2.260999999999999943e+01,9.359999999999999432e+01,5.782999999999999545e+02,1.131000000000000061e-01,2.293000000000000038e-01,2.127999999999999892e-01,8.025000000000000189e-02,2.069000000000000006e-01,7.681999999999999940e-02,2.121000000000000107e-01,1.169000000000000039e+00,2.060999999999999943e+00,1.921000000000000085e+01,6.428999999999999819e-03,5.936000000000000304e-02,5.501000000000000334e-02,1.627999999999999933e-02,1.960999999999999896e-02,8.092999999999999500e-03,1.502999999999999936e+01,3.200999999999999801e+01,1.087999999999999972e+02,6.977000000000000455e+02,1.650999999999999968e-01,7.724999999999999645e-01,6.943000000000000282e-01,2.207999999999999963e-01,3.595999999999999752e-01,1.431000000000000050e-01
2.521999999999999886e+01,2.491000000000000014e+01,1.715000000000000000e+02,1.878000000000000000e+03,1.063000000000000056e-01,2.665000000000000147e-01,3.338999999999999746e-01,1.844999999999999973e-01,1.829000000000000070e-01,6.782000000000000528e-02,8.972999999999999865e-01,1.473999999999999977e+00,7.381999999999999673e+00,1.200000000000000000e+02,8.165999999999999648e-03,5.693000000000000144e-02,5.729999999999999677e-02,2.029999999999999860e-02,1.064999999999999974e-02,5.892999999999999801e-03,3.000000000000000000e+01,3.361999999999999744e+01,2.116999999999999886e+02,2.562000000000000000e+03,1.572999999999999954e-01,6.076000000000000290e-01,6.475999999999999535e-01,2.867000000000000104e-01,2.354999999999999871e-01,1.050999999999999990e-01
2.326999999999999957e+01,2.203999999999999915e+01,1.520999999999999943e+02,1.686000000000000000e+03,8.439000000000000667e-02,1.145000000000000046e-01,1.323999999999999899e-01,9.701999999999999513e-02,1.801000000000000101e-01,5.553000000000000297e-02,6.642000000000000126e-01,8.560999999999999721e-01,4.602999999999999758e+00,9.784999999999999432e+01,4.910000000000000302e-03,2.544000000000000081e-02,2.821999999999999856e-02,1.623000000000000137e-02,1.956000000000000100e-02,3.739999999999999835e-03,2.801000000000000156e+01,2.821999999999999886e+01,1.841999999999999886e+02,2.403000000000000000e+03,1.228000000000000064e-01,3.583000000000000074e-01,3.947999999999999843e-01,2.346000000000000030e-01,3.588999999999999968e-01,9.186999999999999333e-02
1.161999999999999922e+01,1.817999999999999972e+01,7.637999999999999545e+01,4.088000000000000114e+02,1.174999999999999933e-01,1.482999999999999874e-01,1.019999999999999934e-01,5.564000000000000196e-02,1.957000000000000128e-01,7.255000000000000338e-02,4.101000000000000201e-01,1.739999999999999991e+00,3.027000000000000135e+00,2.785000000000000142e+01,1.459000000000000054e-02,3.205999999999999822e-02,4.961000000000000132e-02,1.840999999999999928e-02,1.806999999999999926e-02,5.217000000000000283e-03,1.335999999999999943e+01,2.539999999999999858e+01,8.814000000000000057e+01,5.281000000000000227e+02,1.779999999999999916e-01,2.878000000000000003e-01,3.185999999999999943e-01,1.416000000000000036e-01,2.660000000000000142e-01,9.270000000000000462e-02
1.862999999999999901e+01,2.510999999999999943e+01,1.247999999999999972e+02,1.088000000000000000e+03,1.063999999999999946e-01,1.887000000000000066e-01,2.318999999999999950e-01,1.243999999999999967e-01,2.182999999999999940e-01,6.196999999999999731e-02,8.306999999999999940e-01,1.465999999999999970e+00,5.573999999999999844e+00,1.050000000000000000e+02,6.248000000000000081e-03,3.373999999999999916e-02,5.195999999999999924e-02,1.158000000000000002e-02,2.007000000000000103e-02,4.559999999999999817e-03,2.314999999999999858e+01,3.400999999999999801e+01,1.605000000000000000e+02,1.670000000000000000e+03,1.491000000000000103e-01,4.257000000000000228e-01,6.132999999999999563e-01,1.847999999999999921e-01,3.443999999999999839e-01,9.782000000000000417e-02
1.358999999999999986e+01,2.183999999999999986e+01,8.715999999999999659e+01,5.610000000000000000e+02,7.956000000000000572e-02,8.258999999999999675e-02,4.071999999999999925e-02,2.142000000000000154e-02,1.635000000000000064e-01,5.859000000000000319e-02,3.380000000000000226e-01,1.915999999999999925e+00,2.591000000000000192e+00,2.676000000000000156e+01,5.435999999999999860e-03,2.406000000000000152e-02,3.099000000000000019e-02,9.919000000000000733e-03,2.029999999999999860e-02,3.008999999999999956e-03,1.480000000000000071e+01,3.003999999999999915e+01,9.765999999999999659e+01,6.615000000000000000e+02,1.005000000000000060e-01,1.729999999999999871e-01,1.453000000000000125e-01,6.189000000000000057e-02,2.446000000000000119e-01,7.023999999999999688e-02
1.571000000000000085e+01,1.392999999999999972e+01,1.020000000000000000e+02,7.617000000000000455e+02,9.461999999999999578e-02,9.461999999999999578e-02,7.134999999999999676e-02,5.933000000000000079e-02,1.816000000000000114e-01,5.723000000000000309e-02,3.116999999999999771e-01,8.155000000000000027e-01,1.971999999999999975e+00,2.794000000000000128e+01,5.217000000000000283e-03,1.515000000000000027e-02,1.677999999999999978e-02,1.268000000000000030e-02,1.668999999999999997e-02,2.330000000000000040e-03,1.750000000000000000e+01,1.925000000000000000e+01,1.142999999999999972e+02,9.227999999999999545e+02,1.223000000000000059e-01,1.948999999999999899e-01,1.708999999999999964e-01,1.373999999999999944e-01,2.722999999999999865e-01,7.070999999999999508e-02
1.497000000000000064e+01,1.976000000000000156e+01,9.550000000000000000e+01,6.902000000000000455e+02,8.420999999999999319e-02,5.351999999999999813e-02,1.947000000000000119e-02,1.939000000000000098e-02,1.514999999999999958e-01,5.265999999999999848e-02,1.839999999999999969e-01,1.064999999999999947e+00,1.286000000000000032e+00,1.664000000000000057e+01,3.634000000000000077e-03,7.983000000000000512e-03,8.267999999999999308e-03,6.432000000000000217e-03,1.924000000000000016e-02,1.520000000000000084e-03,1.598000000000000043e+01,2.582000000000000028e+01,1.022999999999999972e+02,7.821000000000000227e+02,1.044999999999999957e-01,9.994999999999999718e-02,7.749999999999999944e-02,5.754000000000000087e-02,2.646000000000000019e-01,6.085000000000000131e-02
1.393999999999999950e+01,1.316999999999999993e+01,9.031000000000000227e+01,5.942000000000000455e+02,1.247999999999999943e-01,9.754999999999999782e-02,1.010000000000000064e-01,6.615000000000000047e-02,1.975999999999999979e-01,6.457000000000000239e-02,5.461000000000000298e-01,2.634999999999999787e+00,4.091000000000000192e+00,4.474000000000000199e+01,1.004000000000000031e-02,3.246999999999999886e-02,4.762999999999999873e-02,2.852999999999999980e-02,1.714999999999999858e-02,5.527999999999999928e-03,1.461999999999999922e+01,1.538000000000000078e+01,9.451999999999999602e+01,6.532999999999999545e+02,1.393999999999999961e-01,1.363999999999999935e-01,1.559000000000000108e-01,1.015000000000000069e-01,2.159999999999999976e-01,7.252999999999999725e-02
1.319999999999999929e+01,1.742999999999999972e+01,8.412999999999999545e+01,5.416000000000000227e+02,7.215000000000000580e-02,4.524000000000000243e-02,4.336000000000000271e-02,1.105000000000000079e-02,1.486999999999999988e-01,5.634999999999999731e-02,1.630000000000000060e-01,1.600999999999999979e+00,8.729999999999999982e-01,1.356000000000000050e+01,6.261000000000000072e-03,1.568999999999999909e-02,3.079000000000000140e-02,5.382999999999999764e-03,1.961999999999999855e-02,2.249999999999999830e-03,1.393999999999999950e+01,2.782000000000000028e+01,8.828000000000000114e+01,6.020000000000000000e+02,1.101000000000000034e-01,1.507999999999999896e-01,2.298000000000000043e-01,4.970000000000000112e-02,2.767000000000000015e-01,7.198000000000000231e-02
1.327999999999999936e+01,1.372000000000000064e+01,8.579000000000000625e+01,5.417999999999999545e+02,8.362999999999999601e-02,8.575000000000000677e-02,5.077000000000000263e-02,2.863999999999999879e-02,1.617000000000000104e-01,5.593999999999999667e-02,1.832999999999999907e-01,5.308000000000000496e-01,1.592000000000000082e+00,1.525999999999999979e+01,4.270999999999999623e-03,2.072999999999999843e-02,2.827999999999999958e-02,8.467999999999999833e-03,1.460999999999999972e-02,2.612999999999999871e-03,1.424000000000000021e+01,1.737000000000000099e+01,9.659000000000000341e+01,6.237000000000000455e+02,1.165999999999999953e-01,2.685000000000000164e-01,2.866000000000000214e-01,9.173000000000000598e-02,2.736000000000000099e-01,7.320000000000000118e-02
1.269999999999999929e+01,1.216999999999999993e+01,8.087999999999999545e+01,4.950000000000000000e+02,8.784999999999999754e-02,5.793999999999999845e-02,2.359999999999999945e-02,2.401999999999999968e-02,1.582999999999999963e-01,6.275000000000000022e-02,2.253000000000000003e-01,6.457000000000000517e-01,1.526999999999999913e+00,1.737000000000000099e+01,6.131000000000000165e-03,1.263000000000000060e-02,9.074999999999999734e-03,8.231000000000000469e-03,1.712999999999999939e-02,4.414000000000000389e-03,1.365000000000000036e+01,1.692000000000000171e+01,8.812000000000000455e+01,5.668999999999999773e+02,1.313999999999999890e-01,1.607000000000000095e-01,9.385000000000000286e-02,8.223999999999999366e-02,2.775000000000000244e-01,9.464000000000000190e-02
1.458000000000000007e+01,1.366000000000000014e+01,9.429000000000000625e+01,6.587999999999999545e+02,9.832000000000000461e-02,8.917999999999999539e-02,8.222000000000000142e-02,4.349000000000000088e-02,1.738999999999999990e-01,5.639999999999999875e-02,4.164999999999999813e-01,6.237000000000000322e-01,2.560999999999999943e+00,3.710999999999999943e+01,4.952999999999999937e-03,1.812000000000000069e-02,3.034999999999999851e-02,8.647999999999999438e-03,1.538999999999999917e-02,2.281000000000000041e-03,1.676000000000000156e+01,1.723999999999999844e+01,1.085000000000000000e+02,8.620000000000000000e+02,1.223000000000000059e-01,1.927999999999999992e-01,2.492000000000000048e-01,9.185999999999999721e-02,2.626000000000000001e-01,7.048000000000000098e-02
1.125999999999999979e+01,1.996000000000000085e+01,7.371999999999999886e+01,3.941000000000000227e+02,8.019999999999999352e-02,1.180999999999999966e-01,9.274000000000000299e-02,5.587999999999999912e-02,2.595000000000000084e-01,6.233000000000000346e-02,4.865999999999999770e-01,1.905000000000000027e+00,2.876999999999999780e+00,3.467999999999999972e+01,1.574000000000000052e-02,8.261999999999999900e-02,8.099000000000000643e-02,3.486999999999999822e-02,3.418000000000000205e-02,6.517000000000000223e-03,1.185999999999999943e+01,2.232999999999999829e+01,7.826999999999999602e+01,4.376000000000000227e+02,1.028000000000000025e-01,1.842999999999999916e-01,1.545999999999999874e-01,9.314000000000000057e-02,2.954999999999999849e-01,7.008999999999999952e-02
1.002999999999999936e+01,2.128000000000000114e+01,6.318999999999999773e+01,3.073000000000000114e+02,8.117000000000000604e-02,3.912000000000000199e-02,2.469999999999999973e-03,5.159000000000000391e-03,1.630000000000000060e-01,6.439000000000000279e-02,1.850999999999999868e-01,1.340999999999999970e+00,1.183999999999999941e+00,1.159999999999999964e+01,5.723999999999999921e-03,5.696999999999999807e-03,2.073999999999999889e-03,3.527000000000000187e-03,1.444999999999999930e-02,2.410999999999999949e-03,1.110999999999999943e+01,2.894000000000000128e+01,6.992000000000000171e+01,3.763000000000000114e+02,1.126000000000000056e-01,7.094000000000000306e-02,1.234999999999999987e-02,2.579000000000000042e-02,2.348999999999999977e-01,8.061000000000000110e-02
1.953000000000000114e+01,3.246999999999999886e+01,1.280000000000000000e+02,1.223000000000000000e+03,8.419999999999999707e-02,1.130000000000000032e-01,1.145000000000000046e-01,6.636999999999999844e-02,1.428000000000000103e-01,5.312999999999999667e-02,7.391999999999999682e-01,1.320999999999999952e+00,4.722000000000000419e+00,1.099000000000000057e+02,5.538999999999999653e-03,2.644000000000000170e-02,2.664000000000000049e-02,1.077999999999999965e-02,1.332000000000000024e-02,2.256000000000000193e-03,2.789999999999999858e+01,4.540999999999999659e+01,1.801999999999999886e+02,2.477000000000000000e+03,1.408000000000000085e-01,4.097000000000000086e-01,3.995000000000000218e-01,1.625000000000000056e-01,2.712999999999999856e-01,7.567999999999999727e-02
9.903999999999999915e+00,1.805999999999999872e+01,6.459999999999999432e+01,3.023999999999999773e+02,9.699000000000000676e-02,1.293999999999999873e-01,1.307000000000000106e-01,3.715999999999999859e-02,1.668999999999999928e-01,8.115999999999999603e-02,4.310999999999999832e-01,2.261000000000000121e+00,3.132000000000000117e+00,2.748000000000000043e+01,1.285999999999999990e-02,8.808000000000000551e-02,1.197000000000000008e-01,2.460000000000000034e-02,3.880000000000000115e-02,1.791999999999999843e-02,1.125999999999999979e+01,2.439000000000000057e+01,7.306999999999999318e+01,3.901999999999999886e+02,1.300999999999999934e-01,2.949999999999999845e-01,3.486000000000000210e-01,9.909999999999999365e-02,2.614000000000000212e-01,1.161999999999999977e-01
8.670999999999999375e+00,1.444999999999999929e+01,5.442000000000000171e+01,2.271999999999999886e+02,9.138000000000000289e-02,4.275999999999999940e-02,0.000000000000000000e+00,0.000000000000000000e+00,1.721999999999999920e-01,6.723999999999999422e-02,2.204000000000000126e-01,7.872999999999999998e-01,1.435000000000000053e+00,1.135999999999999943e+01,9.171999999999999598e-03,8.007000000000000228e-03,0.000000000000000000e+00,0.000000000000000000e+00,2.710999999999999868e-02,3.399000000000000112e-03,9.262000000000000455e+00,1.703999999999999915e+01,5.835999999999999943e+01,2.591999999999999886e+02,1.161999999999999977e-01,7.056999999999999384e-02,0.000000000000000000e+00,0.000000000000000000e+00,2.591999999999999860e-01,7.847999999999999421e-02
1.075000000000000000e+01,1.497000000000000064e+01,6.826000000000000512e+01,3.553000000000000114e+02,7.792999999999999927e-02,5.138999999999999818e-02,2.250999999999999876e-02,7.875000000000000056e-03,1.398999999999999966e-01,5.688000000000000000e-02,2.525000000000000022e-01,1.239000000000000101e+00,1.806000000000000050e+00,1.773999999999999844e+01,6.546999999999999868e-03,1.780999999999999944e-02,2.018000000000000002e-02,5.611999999999999801e-03,1.670999999999999916e-02,2.360000000000000119e-03,1.194999999999999929e+01,2.071999999999999886e+01,7.779000000000000625e+01,4.411999999999999886e+02,1.076000000000000012e-01,1.223000000000000059e-01,9.754999999999999782e-02,3.413000000000000062e-02,2.300000000000000100e-01,6.769000000000000017e-02
9.423000000000000043e+00,2.787999999999999901e+01,5.925999999999999801e+01,2.713000000000000114e+02,8.122999999999999665e-02,4.970999999999999724e-02,0.000000000000000000e+00,0.000000000000000000e+00,1.741999999999999937e-01,6.058999999999999803e-02,5.374999999999999778e-01,2.927000000000000046e+00,3.617999999999999883e+00,2.910999999999999943e+01,1.158999999999999961e-02,1.123999999999999999e-02,0.000000000000000000e+00,0.000000000000000000e+00,3.004000000000000073e-02,3.324000000000000132e-03,1.049000000000000021e+01,3.424000000000000199e+01,6.650000000000000000e+01,3.306000000000000227e+02,1.073000000000000065e-01,7.158000000000000473e-02,0.000000000000000000e+00,0.000000000000000000e+00,2.474999999999999978e-01,6.969000000000000195e-02
1.310999999999999943e+01,2.253999999999999915e+01,8.701999999999999602e+01,5.293999999999999773e+02,1.001999999999999974e-01,1.482999999999999874e-01,8.705000000000000238e-02,5.102000000000000285e-02,1.849999999999999978e-01,7.309999999999999831e-02,1.930999999999999939e-01,9.223000000000000087e-01,1.491000000000000103e+00,1.508999999999999986e+01,5.250999999999999591e-03,3.040999999999999953e-02,2.526000000000000120e-02,8.304000000000000617e-03,2.513999999999999915e-02,4.198000000000000342e-03,1.455000000000000071e+01,2.916000000000000014e+01,9.948000000000000398e+01,6.392999999999999545e+02,1.348999999999999921e-01,4.401999999999999802e-01,3.161999999999999811e-01,1.126000000000000056e-01,4.128000000000000003e-01,1.076000000000000012e-01
1.375000000000000000e+01,2.376999999999999957e+01,8.854000000000000625e+01,5.900000000000000000e+02,8.043000000000000149e-02,6.807000000000000550e-02,4.696999999999999786e-02,2.343999999999999903e-02,1.773000000000000131e-01,5.428999999999999798e-02,4.346999999999999753e-01,1.056999999999999940e+00,2.829000000000000181e+00,3.992999999999999972e+01,4.350999999999999833e-03,2.666999999999999926e-02,3.370999999999999691e-02,1.007000000000000083e-02,2.597999999999999962e-02,3.086999999999999900e-03,1.500999999999999979e+01,2.633999999999999986e+01,9.800000000000000000e+01,7.060000000000000000e+02,9.367999999999999938e-02,1.441999999999999948e-01,1.358999999999999930e-01,6.106000000000000316e-02,2.662999999999999812e-01,6.321000000000000230e-02
1.065000000000000036e+01,2.521999999999999886e+01,6.801000000000000512e+01,3.470000000000000000e+02,9.657000000000000306e-02,7.234000000000000152e-02,2.378999999999999865e-02,1.615000000000000116e-02,1.897000000000000075e-01,6.328999999999999904e-02,2.497000000000000053e-01,1.493000000000000105e+00,1.497000000000000108e+00,1.664000000000000057e+01,7.189000000000000078e-03,1.034999999999999983e-02,1.081000000000000016e-02,6.244999999999999683e-03,2.157999999999999849e-02,2.618999999999999800e-03,1.225000000000000000e+01,3.518999999999999773e+01,7.798000000000000398e+01,4.556999999999999886e+02,1.499000000000000055e-01,1.398000000000000076e-01,1.125000000000000028e-01,6.135999999999999788e-02,3.408999999999999808e-01,8.147000000000000075e-02
1.285999999999999943e+01,1.800000000000000000e+01,8.318999999999999773e+01,5.063000000000000114e+02,9.933999999999999775e-02,9.546000000000000318e-02,3.889000000000000096e-02,2.315000000000000044e-02,1.718000000000000083e-01,5.997000000000000247e-02,2.655000000000000138e-01,1.094999999999999973e+00,1.778000000000000025e+00,2.035000000000000142e+01,5.292999999999999962e-03,1.660999999999999976e-02,2.070999999999999924e-02,8.179000000000000506e-03,1.747999999999999901e-02,2.847999999999999837e-03,1.424000000000000021e+01,2.482000000000000028e+01,9.187999999999999545e+01,6.221000000000000227e+02,1.288999999999999868e-01,2.141000000000000125e-01,1.731000000000000039e-01,7.925999999999999712e-02,2.778999999999999804e-01,7.918000000000000038e-02
1.316999999999999993e+01,1.821999999999999886e+01,8.428000000000000114e+01,5.372999999999999545e+02,7.466000000000000414e-02,5.994000000000000022e-02,4.859000000000000125e-02,2.869999999999999982e-02,1.454000000000000015e-01,5.548999999999999766e-02,2.023000000000000076e-01,6.850000000000000533e-01,1.235999999999999988e+00,1.689000000000000057e+01,5.969000000000000347e-03,1.493000000000000056e-02,1.564000000000000112e-02,8.463000000000000037e-03,1.093000000000000048e-02,1.672000000000000092e-03,1.490000000000000036e+01,2.389000000000000057e+01,9.509999999999999432e+01,6.876000000000000227e+02,1.282000000000000084e-01,1.965000000000000080e-01,1.875999999999999890e-01,1.044999999999999957e-01,2.235000000000000042e-01,6.925000000000000600e-02
1.792999999999999972e+01,2.448000000000000043e+01,1.152000000000000028e+02,9.988999999999999773e+02,8.855000000000000371e-02,7.026999999999999913e-02,5.698999999999999899e-02,4.744000000000000300e-02,1.537999999999999923e-01,5.510000000000000314e-02,4.212000000000000188e-01,1.433000000000000052e+00,2.765000000000000124e+00,4.581000000000000227e+01,5.444000000000000054e-03,1.169000000000000074e-02,1.621999999999999831e-02,8.522000000000000061e-03,1.418999999999999949e-02,2.750999999999999973e-03,2.092000000000000171e+01,3.468999999999999773e+01,1.350999999999999943e+02,1.320000000000000000e+03,1.315000000000000058e-01,1.806000000000000105e-01,2.079999999999999905e-01,1.136000000000000065e-01,2.504000000000000115e-01,7.947999999999999510e-02
9.605999999999999872e+00,1.683999999999999986e+01,6.164000000000000057e+01,2.805000000000000000e+02,8.480999999999999650e-02,9.228000000000000091e-02,8.422000000000000319e-02,2.291999999999999940e-02,2.036000000000000032e-01,7.124999999999999389e-02,1.844000000000000083e-01,9.428999999999999604e-01,1.429000000000000048e+00,1.207000000000000028e+01,5.954000000000000091e-03,3.470999999999999780e-02,5.027999999999999831e-02,8.510000000000000203e-03,1.750000000000000167e-02,4.030999999999999861e-03,1.075000000000000000e+01,2.307000000000000028e+01,7.125000000000000000e+01,3.536000000000000227e+02,1.233000000000000068e-01,3.416000000000000147e-01,4.340999999999999859e-01,8.119999999999999440e-02,2.982000000000000206e-01,9.825000000000000400e-02
1.305000000000000071e+01,1.930999999999999872e+01,8.260999999999999943e+01,5.272000000000000455e+02,8.060000000000000497e-02,3.789000000000000007e-02,6.920000000000000153e-04,4.166999999999999697e-03,1.819000000000000061e-01,5.501000000000000334e-02,4.040000000000000258e-01,1.213999999999999968e+00,2.595000000000000195e+00,3.296000000000000085e+01,7.491000000000000263e-03,8.592999999999999944e-03,6.920000000000000153e-04,4.166999999999999697e-03,2.189999999999999933e-02,2.990000000000000036e-03,1.423000000000000043e+01,2.225000000000000000e+01,9.023999999999999488e+01,6.241000000000000227e+02,1.020999999999999963e-01,6.190999999999999975e-02,1.845000000000000069e-03,1.111000000000000008e-02,2.439000000000000057e-01,6.289000000000000146e-02
1.194999999999999929e+01,1.496000000000000085e+01,7.723000000000000398e+01,4.266999999999999886e+02,1.158000000000000002e-01,1.205999999999999989e-01,1.170999999999999992e-02,1.787000000000000047e-02,2.459000000000000075e-01,6.580999999999999350e-02,3.609999999999999876e-01,1.050000000000000044e+00,2.455000000000000071e+00,2.664999999999999858e+01,5.799999999999999600e-03,2.417000000000000051e-02,7.816000000000000031e-03,1.051999999999999984e-02,2.733999999999999972e-02,3.114000000000000015e-03,1.281000000000000050e+01,1.771999999999999886e+01,8.309000000000000341e+01,4.961999999999999886e+02,1.292999999999999983e-01,1.885000000000000009e-01,3.122000000000000122e-02,4.766000000000000097e-02,3.124000000000000110e-01,7.589999999999999525e-02
1.016000000000000014e+01,1.958999999999999986e+01,6.473000000000000398e+01,3.116999999999999886e+02,1.003000000000000003e-01,7.503999999999999559e-02,5.024999999999999953e-03,1.115999999999999978e-02,1.791000000000000092e-01,6.331000000000000516e-02,2.441000000000000114e-01,2.089999999999999858e+00,1.647999999999999909e+00,1.680000000000000071e+01,1.290999999999999960e-02,2.222000000000000017e-02,4.173999999999999759e-03,7.081999999999999754e-03,2.571999999999999981e-02,2.278000000000000077e-03,1.065000000000000036e+01,2.287999999999999901e+01,6.787999999999999545e+01,3.473000000000000114e+02,1.265000000000000013e-01,1.199999999999999956e-01,1.004999999999999991e-02,2.231999999999999956e-02,2.262000000000000122e-01,6.741999999999999382e-02
1.494999999999999929e+01,1.876999999999999957e+01,9.784000000000000341e+01,6.895000000000000000e+02,8.137999999999999401e-02,1.166999999999999982e-01,9.049999999999999711e-02,3.561999999999999889e-02,1.743999999999999995e-01,6.493000000000000160e-02,4.219999999999999862e-01,1.909000000000000030e+00,3.270999999999999908e+00,3.942999999999999972e+01,5.790000000000000008e-03,4.877000000000000085e-02,5.303000000000000075e-02,1.527000000000000059e-02,3.355999999999999955e-02,9.367999999999999591e-03,1.625000000000000000e+01,2.546999999999999886e+01,1.070999999999999943e+02,8.097000000000000455e+02,9.969999999999999696e-02,2.520999999999999908e-01,2.500000000000000000e-01,8.404999999999999971e-02,2.852000000000000091e-01,9.217999999999999805e-02
1.225000000000000000e+01,1.794000000000000128e+01,7.826999999999999602e+01,4.603000000000000114e+02,8.654000000000000581e-02,6.679000000000000214e-02,3.885000000000000259e-02,2.331000000000000086e-02,1.970000000000000084e-01,6.228000000000000203e-02,2.200000000000000011e-01,9.822999999999999510e-01,1.483999999999999986e+00,1.651000000000000156e+01,5.518000000000000335e-03,1.562000000000000020e-02,1.993999999999999939e-02,7.924000000000000488e-03,1.798999999999999905e-02,2.484000000000000097e-03,1.358999999999999986e+01,2.521999999999999886e+01,8.659999999999999432e+01,5.642000000000000455e+02,1.217000000000000026e-01,1.787999999999999867e-01,1.943000000000000005e-01,8.211000000000000243e-02,3.113000000000000211e-01,8.132000000000000339e-02
9.720000000000000639e+00,1.821999999999999886e+01,6.072999999999999687e+01,2.881000000000000227e+02,6.950000000000000622e-02,2.343999999999999903e-02,0.000000000000000000e+00,0.000000000000000000e+00,1.653000000000000025e-01,6.446999999999999953e-02,3.538999999999999924e-01,4.884999999999999787e+00,2.229999999999999982e+00,2.169000000000000128e+01,1.712999999999999896e-03,6.735999999999999800e-03,0.000000000000000000e+00,0.000000000000000000e+00,3.799000000000000293e-02,1.688000000000000047e-03,9.967999999999999972e+00,2.082999999999999829e+01,6.225000000000000000e+01,3.038000000000000114e+02,7.116999999999999715e-02,2.728999999999999829e-02,0.000000000000000000e+00,0.000000000000000000e+00,1.908999999999999864e-01,6.558999999999999553e-02
1.344999999999999929e+01,1.830000000000000071e+01,8.659999999999999432e+01,5.551000000000000227e+02,1.021999999999999992e-01,8.165000000000000036e-02,3.973999999999999755e-02,2.779999999999999832e-02,1.638000000000000012e-01,5.709999999999999798e-02,2.949999999999999845e-01,1.372999999999999998e+00,2.099000000000000199e+00,2.521999999999999886e+01,5.884000000000000341e-03,1.490999999999999964e-02,1.872000000000000053e-02,9.365999999999999326e-03,1.883999999999999911e-02,1.817000000000000039e-03,1.509999999999999964e+01,2.594000000000000128e+01,9.759000000000000341e+01,6.993999999999999773e+02,1.338999999999999913e-01,1.751000000000000056e-01,1.381000000000000005e-01,7.910999999999999976e-02,2.677999999999999825e-01,6.603000000000000536e-02
1.366000000000000014e+01,1.912999999999999901e+01,8.945999999999999375e+01,5.752999999999999545e+02,9.056999999999999773e-02,1.146999999999999964e-01,9.657000000000000306e-02,4.812000000000000305e-02,1.847999999999999921e-01,6.180999999999999689e-02,2.243999999999999884e-01,8.950000000000000178e-01,1.804000000000000048e+00,1.935999999999999943e+01,3.980000000000000031e-03,2.809000000000000039e-02,3.669000000000000039e-02,1.273999999999999959e-02,1.581000000000000114e-02,3.956000000000000315e-03,1.514000000000000057e+01,2.550000000000000000e+01,1.014000000000000057e+02,7.087999999999999545e+02,1.146999999999999964e-01,3.166999999999999815e-01,3.659999999999999920e-01,1.406999999999999917e-01,2.743999999999999773e-01,8.838999999999999635e-02
1.453999999999999915e+01,2.753999999999999915e+01,9.673000000000000398e+01,6.587999999999999545e+02,1.139000000000000012e-01,1.595000000000000029e-01,1.638999999999999901e-01,7.363999999999999713e-02,2.303000000000000047e-01,7.076999999999999957e-02,3.699999999999999956e-01,1.032999999999999918e+00,2.879000000000000004e+00,3.254999999999999716e+01,5.607000000000000005e-03,4.240000000000000019e-02,4.741000000000000075e-02,1.089999999999999997e-02,1.856999999999999970e-02,5.466000000000000372e-03,1.746000000000000085e+01,3.713000000000000256e+01,1.240999999999999943e+02,9.432000000000000455e+02,1.678000000000000047e-01,6.576999999999999513e-01,7.026000000000000023e-01,1.711999999999999911e-01,4.218000000000000083e-01,1.340999999999999970e-01
1.122000000000000064e+01,3.381000000000000227e+01,7.079000000000000625e+01,3.868000000000000114e+02,7.779999999999999416e-02,3.574000000000000093e-02,4.967000000000000061e-03,6.433999999999999615e-03,1.844999999999999973e-01,5.827999999999999847e-02,2.238999999999999879e-01,1.647000000000000020e+00,1.489000000000000101e+00,1.546000000000000085e+01,4.359000000000000027e-03,6.812999999999999612e-03,3.223000000000000170e-03,3.419000000000000164e-03,1.915999999999999995e-02,2.533999999999999794e-03,1.235999999999999943e+01,4.178000000000000114e+01,7.843999999999999773e+01,4.708999999999999773e+02,9.994000000000000106e-02,6.884999999999999454e-02,2.317999999999999922e-02,3.002000000000000154e-02,2.911000000000000254e-01,7.306999999999999607e-02
1.125999999999999979e+01,1.982999999999999829e+01,7.129999999999999716e+01,3.881000000000000227e+02,8.511000000000000509e-02,4.413000000000000256e-02,5.067000000000000323e-03,5.663999999999999764e-03,1.637000000000000122e-01,6.343000000000000027e-02,1.343999999999999917e-01,1.082999999999999963e+00,9.811999999999999611e-01,9.332000000000000739e+00,4.199999999999999740e-03,5.899999999999999863e-03,3.846000000000000026e-03,4.065000000000000037e-03,1.486999999999999954e-02,2.295000000000000165e-03,1.192999999999999972e+01,2.642999999999999972e+01,7.637999999999999545e+01,4.358999999999999773e+02,1.107999999999999957e-01,7.722999999999999310e-02,2.532999999999999835e-02,2.832000000000000142e-02,2.556999999999999829e-01,7.613000000000000322e-02
2.019999999999999929e+01,2.682999999999999829e+01,1.336999999999999886e+02,1.234000000000000000e+03,9.904999999999999916e-02,1.668999999999999928e-01,1.640999999999999959e-01,1.265000000000000013e-01,1.875000000000000000e-01,6.019999999999999657e-02,9.760999999999999677e-01,1.891999999999999904e+00,7.128000000000000114e+00,1.035999999999999943e+02,8.439000000000000321e-03,4.673999999999999683e-02,5.904000000000000220e-02,2.536000000000000060e-02,3.710000000000000103e-02,4.285999999999999879e-03,2.419000000000000128e+01,3.381000000000000227e+01,1.600000000000000000e+02,1.671000000000000000e+03,1.277999999999999969e-01,3.416000000000000147e-01,3.703000000000000180e-01,2.152000000000000024e-01,3.271000000000000019e-01,7.631999999999999895e-02
1.267999999999999972e+01,2.383999999999999986e+01,8.268999999999999773e+01,4.990000000000000000e+02,1.121999999999999942e-01,1.262000000000000066e-01,1.127999999999999975e-01,6.872999999999999943e-02,1.905000000000000027e-01,6.590000000000000024e-02,4.254999999999999893e-01,1.177999999999999936e+00,2.927000000000000046e+00,3.646000000000000085e+01,7.780999999999999722e-03,2.648000000000000007e-02,2.972999999999999948e-02,1.290000000000000001e-02,1.634999999999999995e-02,3.601000000000000034e-03,1.708999999999999986e+01,3.346999999999999886e+01,1.117999999999999972e+02,8.882999999999999545e+02,1.850999999999999868e-01,4.061000000000000165e-01,4.023999999999999799e-01,1.716000000000000025e-01,3.382999999999999896e-01,1.030999999999999972e-01
1.230000000000000071e+01,1.590000000000000036e+01,7.882999999999999829e+01,4.636999999999999886e+02,8.079999999999999682e-02,7.252999999999999725e-02,3.844000000000000195e-02,1.653999999999999915e-02,1.666999999999999871e-01,5.473999999999999699e-02,2.381999999999999951e-01,8.355000000000000204e-01,1.687000000000000055e+00,1.832000000000000028e+01,5.995999999999999594e-03,2.212000000000000077e-02,2.117000000000000132e-02,6.433000000000000350e-03,2.025000000000000064e-02,1.724999999999999971e-03,1.334999999999999964e+01,1.958999999999999986e+01,8.665000000000000568e+01,5.467000000000000455e+02,1.096000000000000030e-01,1.650000000000000078e-01,1.423000000000000098e-01,4.814999999999999836e-02,2.482000000000000040e-01,6.306000000000000494e-02
1.760000000000000142e+01,2.332999999999999829e+01,1.190000000000000000e+02,9.805000000000000000e+02,9.289000000000000035e-02,2.003999999999999948e-01,2.136000000000000121e-01,1.001999999999999974e-01,1.696000000000000008e-01,7.369000000000000550e-02,9.288999999999999480e-01,1.465000000000000080e+00,5.801000000000000156e+00,1.049000000000000057e+02,6.766000000000000313e-03,7.025000000000000688e-02,6.590999999999999637e-02,2.310999999999999860e-02,1.672999999999999834e-02,1.129999999999999928e-02,2.157000000000000028e+01,2.887000000000000099e+01,1.435999999999999943e+02,1.437000000000000000e+03,1.207000000000000017e-01,4.784999999999999809e-01,5.164999999999999591e-01,1.995999999999999996e-01,2.300999999999999990e-01,1.223999999999999949e-01
2.008999999999999986e+01,2.385999999999999943e+01,1.346999999999999886e+02,1.247000000000000000e+03,1.079999999999999988e-01,1.837999999999999912e-01,2.283000000000000029e-01,1.280000000000000027e-01,2.248999999999999888e-01,7.469000000000000639e-02,1.072000000000000064e+00,1.743000000000000105e+00,7.804000000000000270e+00,1.308000000000000114e+02,7.964000000000000593e-03,4.732000000000000095e-02,7.649000000000000243e-02,1.935999999999999874e-02,2.735999999999999890e-02,5.928000000000000110e-03,2.367999999999999972e+01,2.942999999999999972e+01,1.588000000000000114e+02,1.696000000000000000e+03,1.346999999999999864e-01,3.391000000000000125e-01,4.932000000000000273e-01,1.922999999999999987e-01,3.294000000000000261e-01,9.468999999999999639e-02
1.169999999999999929e+01,1.910999999999999943e+01,7.432999999999999829e+01,4.186999999999999886e+02,8.813999999999999613e-02,5.253000000000000030e-02,1.583000000000000032e-02,1.148000000000000062e-02,1.935999999999999943e-01,6.128000000000000114e-02,1.600999999999999923e-01,1.429999999999999938e+00,1.108999999999999986e+00,1.127999999999999936e+01,6.063999999999999946e-03,9.110000000000000042e-03,1.042000000000000044e-02,7.637999999999999824e-03,2.349000000000000046e-02,1.660999999999999933e-03,1.260999999999999943e+01,2.655000000000000071e+01,8.092000000000000171e+01,4.831000000000000227e+02,1.223000000000000059e-01,1.087000000000000050e-01,7.914999999999999813e-02,5.741000000000000270e-02,3.487000000000000099e-01,6.958000000000000296e-02
9.567000000000000171e+00,1.591000000000000014e+01,6.021000000000000085e+01,2.796000000000000227e+02,8.464000000000000690e-02,4.086999999999999661e-02,1.651999999999999996e-02,1.667000000000000079e-02,1.550999999999999879e-01,6.403000000000000358e-02,2.152000000000000024e-01,8.300999999999999490e-01,1.215000000000000080e+00,1.264000000000000057e+01,1.163999999999999931e-02,1.039999999999999952e-02,1.186000000000000075e-02,9.622999999999999610e-03,2.383000000000000049e-02,3.540000000000000178e-03,1.050999999999999979e+01,1.916000000000000014e+01,6.573999999999999488e+01,3.358999999999999773e+02,1.504000000000000059e-01,9.514999999999999847e-02,7.160999999999999310e-02,7.222000000000000641e-02,2.757000000000000006e-01,8.178000000000000547e-02
1.096000000000000085e+01,1.762000000000000099e+01,7.079000000000000625e+01,3.656000000000000227e+02,9.686999999999999778e-02,9.751999999999999558e-02,5.263000000000000317e-02,2.787999999999999853e-02,1.618999999999999884e-01,6.407999999999999807e-02,1.507000000000000006e-01,1.582999999999999963e+00,1.165000000000000036e+00,1.008999999999999986e+01,9.501000000000000764e-03,3.377999999999999753e-02,4.401000000000000051e-02,1.345999999999999974e-02,1.322000000000000085e-02,3.533999999999999815e-03,1.161999999999999922e+01,2.651000000000000156e+01,7.643000000000000682e+01,4.075000000000000000e+02,1.428000000000000103e-01,2.510000000000000009e-01,2.122999999999999887e-01,9.861000000000000321e-02,2.288999999999999924e-01,8.278000000000000635e-02
1.206000000000000050e+01,1.274000000000000021e+01,7.684000000000000341e+01,4.486000000000000227e+02,9.310999999999999832e-02,5.240999999999999825e-02,1.972000000000000142e-02,1.963000000000000161e-02,1.590000000000000024e-01,5.906999999999999751e-02,1.822000000000000008e-01,7.285000000000000364e-01,1.171000000000000041e+00,1.325000000000000000e+01,5.527999999999999928e-03,9.789000000000000826e-03,8.342000000000000456e-03,6.272999999999999930e-03,1.464999999999999983e-02,2.530000000000000131e-03,1.314000000000000057e+01,1.841000000000000014e+01,8.407999999999999829e+01,5.327999999999999545e+02,1.275000000000000022e-01,1.232000000000000040e-01,8.636000000000000620e-02,7.025000000000000688e-02,2.514000000000000123e-01,7.897999999999999465e-02
1.159999999999999964e+01,1.835999999999999943e+01,7.387999999999999545e+01,4.126999999999999886e+02,8.508000000000000285e-02,5.854999999999999788e-02,3.366999999999999854e-02,1.777000000000000107e-02,1.516000000000000125e-01,5.859000000000000319e-02,1.816000000000000114e-01,7.655999999999999472e-01,1.302999999999999936e+00,1.289000000000000057e+01,6.708999999999999686e-03,1.701000000000000081e-02,2.079999999999999905e-02,7.497000000000000192e-03,2.123999999999999846e-02,2.768000000000000061e-03,1.276999999999999957e+01,2.401999999999999957e+01,8.268000000000000682e+01,4.951000000000000227e+02,1.342000000000000137e-01,1.807999999999999885e-01,1.859999999999999987e-01,8.287999999999999534e-02,3.210000000000000075e-01,7.863000000000000544e-02
1.166000000000000014e+01,1.707000000000000028e+01,7.370000000000000284e+01,4.210000000000000000e+02,7.560999999999999666e-02,3.629999999999999893e-02,8.305999999999999148e-03,1.162000000000000012e-02,1.670999999999999985e-01,5.730999999999999983e-02,3.533999999999999919e-01,6.723999999999999977e-01,2.225000000000000089e+00,2.603000000000000114e+01,6.583000000000000310e-03,6.990999999999999819e-03,5.949000000000000295e-03,6.296000000000000381e-03,2.215999999999999914e-02,2.667999999999999799e-03,1.327999999999999936e+01,1.973999999999999844e+01,8.360999999999999943e+01,5.425000000000000000e+02,9.958000000000000185e-02,6.475999999999999812e-02,3.046000000000000096e-02,4.261999999999999816e-02,2.731000000000000094e-01,6.825000000000000511e-02
1.203999999999999915e+01,2.814000000000000057e+01,7.684999999999999432e+01,4.498999999999999773e+02,8.752000000000000057e-02,5.999999999999999778e-02,2.367000000000000007e-02,2.376999999999999946e-02,1.854000000000000092e-01,5.698000000000000287e-02,6.060999999999999721e-01,2.642999999999999794e+00,4.099000000000000199e+00,4.496000000000000085e+01,7.517000000000000244e-03,1.554999999999999959e-02,1.464999999999999983e-02,1.183000000000000024e-02,2.046999999999999861e-02,3.883000000000000167e-03,1.359999999999999964e+01,3.332999999999999829e+01,8.723999999999999488e+01,5.676000000000000227e+02,1.040999999999999981e-01,9.725999999999999923e-02,5.523999999999999744e-02,5.546999999999999847e-02,2.404000000000000026e-01,6.639000000000000457e-02
1.425000000000000000e+01,2.171999999999999886e+01,9.362999999999999545e+01,6.330000000000000000e+02,9.822999999999999787e-02,1.097999999999999948e-01,1.318999999999999895e-01,5.598000000000000198e-02,1.885000000000000009e-01,6.124999999999999889e-02,2.859999999999999765e-01,1.018999999999999906e+00,2.657000000000000028e+00,2.491000000000000014e+01,5.878000000000000412e-03,2.995000000000000093e-02,4.814999999999999836e-02,1.161000000000000053e-02,2.027999999999999942e-02,4.022000000000000401e-03,1.589000000000000057e+01,3.035999999999999943e+01,1.162000000000000028e+02,7.996000000000000227e+02,1.446000000000000063e-01,4.238000000000000100e-01,5.185999999999999499e-01,1.446999999999999953e-01,3.590999999999999748e-01,1.014000000000000040e-01
1.735000000000000142e+01,2.305999999999999872e+01,1.110000000000000000e+02,9.331000000000000227e+02,8.662000000000000255e-02,6.289999999999999758e-02,2.891000000000000167e-02,2.836999999999999938e-02,1.564000000000000112e-01,5.306999999999999912e-02,4.007000000000000006e-01,1.316999999999999948e+00,2.576999999999999957e+00,4.440999999999999659e+01,5.726000000000000187e-03,1.106000000000000039e-02,1.246000000000000059e-02,7.670999999999999867e-03,1.410999999999999928e-02,1.577999999999999976e-03,1.985000000000000142e+01,3.146999999999999886e+01,1.281999999999999886e+02,1.218000000000000000e+03,1.239999999999999991e-01,1.486000000000000099e-01,1.210999999999999993e-01,8.235000000000000653e-02,2.452000000000000013e-01,6.514999999999999958e-02
1.418999999999999950e+01,2.380999999999999872e+01,9.287000000000000455e+01,6.107000000000000455e+02,9.463000000000000578e-02,1.305999999999999939e-01,1.115000000000000019e-01,6.461999999999999689e-02,2.235000000000000042e-01,6.432999999999999829e-02,4.207000000000000184e-01,1.844999999999999973e+00,3.533999999999999808e+00,3.100000000000000000e+01,1.088000000000000078e-02,3.710000000000000103e-02,3.688000000000000306e-02,1.626999999999999974e-02,4.499000000000000221e-02,4.767999999999999669e-03,1.685999999999999943e+01,3.485000000000000142e+01,1.150000000000000000e+02,8.112999999999999545e+02,1.559000000000000108e-01,4.058999999999999830e-01,3.744000000000000106e-01,1.771999999999999964e-01,4.723999999999999866e-01,1.025999999999999968e-01
1.141000000000000014e+01,1.082000000000000028e+01,7.334000000000000341e+01,4.033000000000000114e+02,9.372999999999999388e-02,6.685000000000000664e-02,3.511999999999999844e-02,2.622999999999999984e-02,1.666999999999999871e-01,6.112999999999999684e-02,1.408000000000000085e-01,4.606999999999999984e-01,1.102999999999999980e+00,1.050000000000000000e+01,6.040000000000000230e-03,1.528999999999999977e-02,1.514000000000000068e-02,6.459999999999999597e-03,1.344000000000000056e-02,2.206000000000000062e-03,1.282000000000000028e+01,1.597000000000000064e+01,8.373999999999999488e+01,5.105000000000000000e+02,1.547999999999999932e-01,2.389999999999999902e-01,2.101999999999999980e-01,8.958000000000000684e-02,3.015999999999999792e-01,8.523000000000000020e-02
2.742000000000000171e+01,2.626999999999999957e+01,1.869000000000000057e+02,2.501000000000000000e+03,1.083999999999999964e-01,1.988000000000000045e-01,3.634999999999999898e-01,1.688999999999999946e-01,2.061000000000000054e-01,5.623000000000000220e-02,2.547000000000000153e+00,1.306000000000000050e+00,1.864999999999999858e+01,5.422000000000000455e+02,7.649999999999999682e-03,5.374000000000000304e-02,8.054999999999999660e-02,2.597999999999999962e-02,1.696999999999999897e-02,4.558000000000000419e-03,3.603999999999999915e+01,3.137000000000000099e+01,2.511999999999999886e+02,4.254000000000000000e+03,1.356999999999999873e-01,4.255999999999999783e-01,6.833000000000000185e-01,2.625000000000000111e-01,2.641000000000000014e-01,7.427000000000000268e-02
1.958999999999999986e+01,1.814999999999999858e+01,1.306999999999999886e+02,1.214000000000000000e+03,1.120000000000000023e-01,1.665999999999999981e-01,2.508000000000000229e-01,1.285999999999999921e-01,2.026999999999999913e-01,6.081999999999999906e-02,7.364000000000000545e-01,1.048000000000000043e+00,4.791999999999999815e+00,9.706999999999999318e+01,4.056999999999999842e-03,2.276999999999999857e-02,4.028999999999999942e-02,1.302999999999999992e-02,1.685999999999999999e-02,3.318000000000000203e-03,2.673000000000000043e+01,2.639000000000000057e+01,1.749000000000000057e+02,2.232000000000000000e+03,1.438000000000000111e-01,3.845999999999999974e-01,6.810000000000000497e-01,2.247000000000000108e-01,3.643000000000000127e-01,9.223000000000000642e-02
1.683999999999999986e+01,1.946000000000000085e+01,1.084000000000000057e+02,8.802000000000000455e+02,7.445000000000000229e-02,7.223000000000000254e-02,5.149999999999999717e-02,2.770999999999999852e-02,1.844000000000000083e-01,5.267999999999999766e-02,4.788999999999999924e-01,2.060000000000000053e+00,3.479000000000000092e+00,4.660999999999999943e+01,3.442999999999999880e-03,2.661000000000000171e-02,3.056000000000000036e-02,1.110000000000000049e-02,1.519999999999999997e-02,1.518999999999999951e-03,1.821999999999999886e+01,2.807000000000000028e+01,1.202999999999999972e+02,1.032000000000000000e+03,8.773999999999999855e-02,1.710000000000000131e-01,1.882000000000000062e-01,8.436000000000000443e-02,2.526999999999999802e-01,5.972000000000000225e-02
