-1.148132626442973,0.5677368020645556,2.5810157872670167,4.048131430935299,4.372633105553928
-2.4229647144777684,2.0942937601172913,1.6577893952625153,3.6422282929237113,2.610849763487507
-0.04046150456772202,1.379241378612163,2.2786953458442536,4.329833934880444,3.4767766584872755
0.6886752215347205,0.3798862563744655,2.049390308553872,2.6033989945027005,3.5931822673145337
2.4434022080389184,-0.1291312067057735,1.5629861615727028,4.81045956590003,5.857083380452891
-0.28442605422447376,-0.45506762023128977,-0.9370257256384047,3.865889725870287,3.9178149967444984
0.7903588781205885,1.518073766037073,1.9292187964841627,3.497855030428017,5.392559988571186
-2.2243722372860497,0.5141839005482687,2.534133123358673,3.29572015655743,4.70229097435001
-0.17172126432281032,0.7463382267040184,2.3324763618769397,3.6182542999476204,3.3426564458549253
0.3286478932559782,1.8320206365254719,3.0631282684422043,2.3490995649048183,4.230973804350393
1.6746350937079608,2.6742736276544226,3.0321276572358964,3.703494840628558,6.868948230998139
-1.5468947937119646,0.308421968851638,2.5974158052892715,1.82470147729683,5.389335967767413
1.5774050941015252,1.5891164571878447,3.0493937082597355,3.404277417203017,5.389455019821419
2.0051754880994648,1.2854432753737939,3.348219359361017,1.799630305671381,2.064109812098878
0.29867245368174195,-0.35243249246989516,1.724029341476943,2.95880451521214,2.8309079151134586
-1.0455212174382273,3.200285164732837,1.1132530008213586,3.496055004781433,3.386658759829634
2.570975988384224,-0.1556170693235277,3.306816710951267,2.629300754219718,7.320027858350436
1.619059750432919,2.432967697205484,2.3549938039064435,4.137809479655813,4.325948855976703
0.630384453135028,0.8079056736853769,2.555495374933029,6.005670880848651,5.035599200231751
-0.5150301874377058,-0.18267304757082448,2.3119179698852115,4.460442071616974,4.473951861182255
-2.49737888400872,0.8588859778457554,2.786312327910568,2.132863555437395,4.946887332462387
3.103473147989873,0.843520891315173,3.377751619137867,5.6106225815412,5.100691218497019
-1.4575717607855112,-0.21353404611648785,1.8214837588105985,4.054180966807172,2.7943292488955587
-0.2364072796498214,1.0450299244929684,2.592564133017928,3.1730749514016345,3.991408465083151
1.8486918548975955,0.8342431861859212,1.7251973636918492,0.8710765922462711,2.948988479108889
-1.5414499672769415,0.8213204664056187,0.8395443616025204,2.9918291319813575,4.114739816524182
1.5664533312568145,2.5949791917221208,1.5408087313722176,2.6008416353005686,4.238536840586481
-0.29795863867326555,3.0484401520465907,4.2241416957035565,4.337056105383074,5.610095443566714
1.8584526895780398,2.859739900386572,3.7374578405392755,3.1568523357205978,3.562607876235472
1.3692136502293595,0.9422805137823027,2.4539952321642082,1.2489168207107118,4.388806145062405
-0.06551941480217352,1.5280886921412593,3.154692059376594,3.060134441893338,4.599358942995862
-0.5822145131796468,1.5877130843931786,4.495967378732906,5.001502558818181,3.6649638929549653
-0.4715586506174797,1.1416579085326517,0.6879592717280243,3.5097519042342347,4.755447018170985
0.20939551319607738,0.13140788680750104,1.5309430200048673,4.205226759107087,5.47871782226505
-0.9265376446213613,1.5073203239069435,4.343622310743155,5.3274846465469885,4.985231335682802
0.31554732796168783,2.2401860421685447,1.2255739403437533,2.868152417872152,5.21293275532029
1.0840640616260742,1.296365688580152,3.013240027940386,3.300676434890505,7.881141664775834
-0.3839023434099369,0.9060883526682336,1.6727147521319556,4.9159257046411575,5.340726213629008
-1.5194295021228974,0.6829088466000577,3.8520782972613583,2.6495542009576853,3.986023298824841
1.5719383032785554,1.4817903832864117,3.7443239246399336,3.514471770413375,2.9807096807775513
-1.930980500851502,1.3107644883779543,1.8526427124207852,2.313627725450112,3.272971627911253
-0.6746847239210874,-1.424287788833281,2.9594934506489476,4.487566899770089,3.9084008479378882
-0.9431538159901935,2.5415931889844128,3.597436658435387,2.5708198102364865,5.635035297908411
2.4722572719233327,2.721267054983086,2.5284958381033573,3.085656562688941,5.288791824894892
1.7433326678927827,1.5892320322644993,2.7877077913426502,3.21769915950872,5.409256556977753
0.9311719281326859,3.094775563121135,4.123728431750529,6.439410295583693,4.230361832645585
-0.3421630875882986,2.013094106917087,4.561150468028225,3.2437074330994657,5.358635761903897
2.0152085011952408,3.4002804495039105,1.2039984216135178,3.6411301711659463,3.6711809515606095
0.19226303158643088,2.8353330321554235,1.5121279883665129,3.852025400194655,5.144287598441097
1.6425975756690137,3.226815634362711,3.6058436646805676,4.483122919248899,4.640448854046844
0.6087770845765302,1.569171410827772,3.6645927467231565,2.349425236904614,4.470989142778584
-0.36470657257012307,4.143630123205209,3.6107072733895857,3.7538684965025593,7.635130465428277
-0.29886985237093233,2.7522138661055675,4.013696500185063,4.098436691203423,3.8964915811643532
-0.11874403982389398,1.4284454876890316,2.766124380347703,2.8017072230082567,4.9452594061432595
0.20323367703639064,0.311979503041117,0.4778408681865891,2.8184287172716798,4.318851589270052
0.8987075242965964,2.6113148996847926,1.5058415026512824,3.447095482072681,4.6116652521073505
0.673754874711553,1.78141980215223,3.7599200988529873,3.927331097953352,3.518132280379686
1.817673595219396,2.297607621239428,3.4085439744477877,4.7985067871952625,3.760442267470208
1.0262259220240626,1.0281617091535558,2.3071667931447566,4.405862641565159,4.799899832783223
-0.5246469669601399,0.6818122657030077,2.011536687489302,3.085052076230025,5.205026816911977
0.06133594572598707,1.1315325108226872,2.473592654386082,3.432170394978254,2.3093025442718926
2.0000734056359493,1.7492123183131587,3.109756448253998,4.564331796889606,4.465822273282265
0.07537692608528812,2.241814197300218,2.683320692513834,3.3484799608067233,3.844050504492243
2.1289599554187313,2.8658346525737306,4.428644898187907,3.3076545126431154,4.161381370910072
-0.12060827651624666,0.23234289093971605,2.1557851102482,4.209467504394985,5.983838699817854
2.3587883365547064,2.450252283577163,3.6520139774952805,2.374756167646289,3.4424381345463435
0.7048112709352173,1.804450409739396,3.975988912347386,4.045805243055541,4.361678261977694
-0.9085437850278001,-1.82052855917322,3.034608518873801,3.2903291841867848,6.075488872495715
1.249125439194417,1.332779583539894,1.3414160198178728,3.247118414426489,5.429639351067485
-0.3950253406982835,1.3718183222295963,0.5659831216978739,4.338418678682601,4.89744853928934
0.13932447832985184,2.8748223610470625,2.2855625487301348,3.5580951474426574,6.220204191343693
2.2490568411164533,1.740541710937049,1.6340419768846597,3.067614398334592,5.2495147969385245
0.26227243528204736,1.0619943540633612,2.407094107159777,1.453399866461234,6.35679109096043
-1.4119657686977674,1.4829169635785402,1.9536682316919511,4.267975033096005,2.9995897556116904
0.10535745786860298,0.49211322657219214,2.496353250415901,2.212056377473457,3.57582611199234
1.0354926361148544,0.9692258718341662,2.7132574477052165,2.5915560244737974,4.1687097398881106
0.8323861558369156,1.3516352506602773,2.4784684670534767,3.0716045630729454,4.770074300734507
1.5852538471070854,0.865350690298835,2.797317604860621,2.6205586784161223,4.659983535323328
0.9824524814190065,1.79529453706844,2.5970537256143156,3.352952863562885,5.090909952362379
1.0918672565791805,1.054939125076155,1.9912882038797972,4.877059385641605,6.584078221194188
0.19953481171618365,-1.5603447175303975,3.2252759700799247,2.846448093593189,4.626344916520534
1.3982875286997882,-0.10157921834801242,3.3869468321200977,1.9878903071959142,4.109894127577221
-0.1831529444171407,2.3129741323969766,2.3257384515420934,5.872910911229353,4.08979200630823
-0.5094245023247408,2.525225753784462,0.5128369122677232,5.25108673778943,5.501644085518497
2.845462964326816,2.1073062343052964,0.8187738360254229,5.143390930160816,3.885303808440235
-1.184931288860306,1.6597718829008703,2.7542538096618236,3.2619180092426303,3.3214882522067772
0.4203464559700596,2.7193157339345646,2.618534262482057,5.3032224313548175,5.466136752685801
1.5182532156448634,2.789045021395271,4.871410906120707,3.553771485697781,5.533058439737464
0.6650067936217368,1.7326606459892928,3.124456728455045,5.303546040170078,4.01551924606769
1.3905724191766158,1.6378681045881214,3.7147289495861986,2.6612996402328717,5.98482717757585
-0.28934151731479224,2.5827237439224824,1.378517726758422,2.791554734505075,4.521270427848366
-0.5161430936541102,2.3055583316341353,3.3314816513380485,3.7012537376944903,3.887293272272867
1.2709145630177046,0.4203845935397853,3.4973091302965225,4.347265939517874,6.647180462804219
0.06553655213417198,1.6791540721954827,3.895344921164906,2.0486912945690117,4.854862768099801
-1.202416193677379,-0.0930932193829821,1.835586441397297,4.47270490046516,4.698806168099119
1.7384181297220418,0.9867835200718946,2.5983657874431647,2.2020139230812688,5.975391004346726
1.4459836605638356,3.252580600286378,3.8043047604514015,2.8953816780009385,4.544308926454928
0.26451446569298387,2.4941272023226393,3.2774275684082976,3.785150182951249,4.369300441169637
0.5270751601722363,0.698570051563596,4.3536903895415975,5.285220525362752,3.7112076869095114
0.9210433770140594,2.331421416027218,1.716023235281268,3.537006994992264,4.9838118591529454
-1.6644097291567965,2.6218132146310635,1.8564782690390338,4.011614712741784,5.810579327518797
0.13327118340183086,0.8307071785805799,1.8039505597607837,3.687458261992776,2.4474005449547125
0.7788087440498327,2.495909954081654,1.4013980267119703,1.572842378019974,5.4054535267634805
0.3848101441697992,0.2766153642303144,2.63810143983861,4.092247055046624,4.872924085962983
-0.10382891004456232,-0.49527949014446015,1.4268834340851106,3.870688597826008,6.1474716729443
0.6990866323300718,2.9994342390326683,2.901877549379193,3.6047491733254216,4.513251136697285
0.12296986578999068,2.4612706853832265,2.4493541401789565,3.0902051494630283,5.082473797165035
-0.33086267026870475,1.9488283653983036,0.47002920460830633,3.563858051984738,4.956530412401015
0.09708718136002666,1.1717828671705843,2.5923518293163967,3.8387402061315106,3.1137561356279093
-0.9117655655499157,0.9281046102897597,3.406416887408226,3.2256099499109983,3.998509149114395
0.9932039015702748,3.6882412784637983,3.2622638460583886,4.362264434629245,4.456055210636054
0.9018209630156618,1.7207034761799824,5.108386461779094,4.263756117632018,4.830614075627973
-0.25130845513059213,-0.0851577353526165,1.0467924579736791,3.6947446575135574,5.725564093665878
-0.2865213956058763,-0.43085251857570217,2.312176927864282,2.5880570091348023,3.1641230276516783
2.306491082961904,2.911784763781476,1.6590633098985608,2.371594889670539,4.44841060992992
-1.6099878451049707,2.2382778878147596,3.724271142147691,4.642256905918471,5.556417960046689
0.6744904024641641,0.38251107173597,3.0272988594222117,3.728303307858174,2.871097196264535
0.9285531172142003,-1.133532822211492,0.34262507785096474,2.101971107612294,5.1544835612511335
0.2029550192910285,2.3404079121344505,1.0362052921284128,3.1238043528109083,3.4745407666838344
-1.7185849736702603,0.15002969958081191,4.022578076227068,3.0023681269479265,5.391591276369147
0.6817389966849235,1.9659861600312751,3.6643384170717215,5.057732940842355,5.4939774461502076
1.4326856740828098,-0.07486971439469503,2.629424541336956,3.0963417053716062,2.126513839559835
1.4017497607041067,1.8793108151199842,2.322923244592385,4.312332950244615,5.944568991905898
0.9526523235839087,3.648350476860463,3.0859429081280947,4.581334814812572,5.084917629756776
0.6838883176108286,2.8706508436787987,2.3266600631188097,4.804329522382259,5.352018429435137
0.374837430466453,2.4824662372869586,2.3543971071093424,4.481792106109755,7.280813336311313
1.3090792392607797,2.199500383969384,2.5461763731594993,4.435363870449359,6.872278645574838
0.3514151970661453,0.351646143627542,3.4944632100024635,4.363587092494078,6.707146125989002
0.6807176338031855,1.7417572116638558,2.433000887086018,3.7638640668866485,3.660856456212989
-0.384479329819267,2.846493512928926,3.549784520344013,5.560820245021408,5.1539547899285045
0.17295440321035116,1.8525616181709288,2.647028797663952,4.28744420230474,4.743427960209622
1.2950327559068453,2.436107890199695,4.10042901546612,4.257762304956695,5.662632784732797
1.5250539809049637,1.7307762589642826,3.2962014425365567,4.832185114509567,5.585115007316384
3.325371329259947,0.5077558945593932,1.541690400102973,3.459594035563627,5.532680874048488
0.3978661956187419,0.9833391813250836,3.8824353234301543,3.929136851399226,5.34581006775307
0.018181032201297218,1.6743754046832517,2.2650104566070297,4.126408298522025,4.746662326846454
0.6079211352576182,1.1505671869779612,6.639297413542677,4.885215782757917,5.811656502748016
1.1500733666802039,1.8734063463363546,2.5139912242392617,3.46978918893439,3.692082900923549
0.7086040219159393,2.9573524523194776,3.9474501112285534,2.570174400722573,6.451669041586592
0.7752144390588178,1.107591337550457,1.7617705223666886,3.2288636233501546,4.402335297678692
-0.010853578035996422,0.6867474625171478,1.7073452628541632,4.835864435560597,5.5355439669742355
0.04395404415407955,0.7480964435917161,1.506007399193121,4.952369748342715,3.2599452922887524
1.2017540648445115,0.6373176712889195,2.705554351467098,3.223168277248036,4.65576325624451
2.081219675715688,1.8580852024034946,3.5954842436424195,3.8806428386669958,6.462420073043815
1.1788139783926537,0.28140431793881815,3.2460699883931765,3.6816680687499046,5.8463237877336995
-0.09534786774793089,1.3710252087617745,1.9580494321843627,2.1716994943166528,5.459990791976279
-0.1491178254129824,1.5876073406260864,1.1845314270291414,3.415110322632671,5.678805982460182
-1.8311594225978658,2.2699803408699415,3.0274696525767686,5.5541719200199235,4.9794058205495215
-0.4532111041005145,2.295574865602334,0.7811870084730386,3.7344591097018034,4.809215798340506
0.3436280725726506,3.487939696601021,3.230395501084713,5.192069393342228,4.379781889222836
1.8964504602454348,2.3282004164096453,3.837809285397859,3.48965944269574,4.091501235147602
1.169061815359227,1.5626953430418398,0.7270645415914523,3.099041096283898,4.906597469777201
-1.5060619735665657,0.8748914370573816,2.9639863962779147,3.179080078634906,4.794143803810698
0.48598690443358755,0.5723334016222423,2.507651127253206,3.924807387739347,3.1513420868986306
1.2830990180807262,-1.1627735944624593,3.3489979976431696,3.004937909279895,5.287701857189932
0.8820498031946824,2.969077883262254,2.2844235330982183,3.159577020183901,6.81350729249496
1.1188314289061818,1.9192169969645225,2.8629516806570434,4.362855131290578,5.271823449759378
-0.05755333624605958,-0.34409937029227944,1.0517247654794013,3.8156214248699802,5.113288916446566
-0.2655551885511296,0.8445754871647557,1.9449785265939368,4.5904549609784295,5.786301810881816
-0.8578134311240745,1.0572877337006208,2.301477951053346,3.032775747485407,3.415096683542515
2.680364423395274,0.4717207467131237,1.934504267289685,3.261945206111573,5.053423571441252
0.10875750108662163,1.4558736423746343,3.7320248118332477,1.1087750821499558,4.3039951603675455
0.6323610486363378,2.758167127054724,5.385953913735744,3.428377020927921,4.704544065622617
-0.9495133839088461,0.715153806858867,1.876197643086907,4.576959560479585,4.970130527465419
-0.010637369593672178,-0.42625838312834397,3.074217607433803,2.8893998477710054,2.4494624589447063
0.4723082122130578,1.2591857708695542,2.537795489697841,4.4697935544999865,3.7437248465684103
0.13545611455338555,2.184965941524287,2.826668777340451,1.1054401430003375,4.092451906104126
-0.5505027681387511,-0.1842892927761004,4.597789370068126,4.1986267075391215,5.852808458461512
0.6250442228088,1.6927306354996665,2.8312412482921436,3.2707544997034557,3.683318886221357
0.6090856885624826,-0.30865793373681516,4.1107062548540565,2.9388257025011555,5.212192252194004
-1.7353916553965831,0.464430144469704,0.9397482121217688,2.80391768812522,5.7197717844097
1.4172039315761973,3.6674963841430674,1.6941475769399903,4.963955252594068,7.162530113743495
0.14524649803588005,-0.08378681314472258,2.424782672068843,3.1256946093098414,4.660081770194171
1.8203277678963807,0.9627723396753445,2.5351618495980244,4.529873147449705,3.8023952768727827
0.663932003419233,3.946350609185526,3.0898175606838527,4.764858743752313,5.181143361666159
0.23787187637968257,1.612115554363431,1.9396651750896639,3.239874537482262,5.772896087124165
1.4674408683678726,3.328112868562013,4.476715229194374,2.9183551168087067,4.8432302535196605
-0.6133072174743773,1.0005505164466022,1.768453797455817,3.786535025108671,3.6713012675456778
0.021339063405097867,1.5124068055194475,0.839394231048844,5.187430977743331,3.4279026334667844
1.5012244742186596,2.9061021661859376,2.6094286091346355,5.150481040595441,5.870063556833503
-0.9697725473475484,1.2305301750912423,2.207988304067586,4.483196391125422,4.438556180575047
2.0853649806375767,2.994188721011885,5.879566612950119,4.568131738838154,5.786292187654469
-0.4451861376347985,1.7242645661716502,1.9987092039365872,1.7027585178663083,4.881458118133049
0.5323722891785,0.919604274393108,2.24279745900143,5.5764579260144735,3.8075724499449874
-1.661312363999479,1.24965971957538,2.5799132347692826,2.3280061925583526,5.052731913898693
-0.03495159566037653,3.8597172379644995,2.836479275130282,4.123141082395888,4.750862987057816
0.918001000037447,1.5101464774106987,5.3507143918606435,4.807578856067754,3.843065059810964
1.1592745703224856,2.5221353034234992,2.4834464786148582,4.229710870379117,5.589735893189503
1.3277993324301158,0.3784900931596473,3.229966610402858,3.149243113540405,6.7316621257501055
-1.1184819481846637,3.414674793866263,3.576230552445857,2.4336135081048376,5.0023962955852594
0.17423697834233542,1.6436345374035692,0.732840987682432,2.9521700556121173,5.115514462013667
1.3975178529678232,1.1105425678530518,2.6945218414163374,4.1767947760692135,3.5639641199414553
1.1275914488248742,1.4314738478816833,4.010037137539655,3.928766418351067,4.661257139919041
1.4426436289409112,0.778154134914242,3.38367104879452,4.092282296461695,5.032316822323051
0.5674868625027608,1.680249686129092,0.6011469362940483,3.4178691965629695,4.149330775637884
0.6910015620726131,3.374931287446983,3.051167103458206,3.8108378016687947,2.651240599131427
-0.9029082769569063,1.4641620401094628,1.8834556317146383,3.966659477493376,3.369642448392364
-0.5900415916403089,0.14634810749417926,1.3564234669791693,3.238554631943705,4.055834103167485
1.5294815301831997,2.0015177576739784,3.0790180353621546,4.66777597375669,6.759016831843579
1.4460994727434124,1.8443114108578178,2.1414090813635918,4.928695699237597,2.325431299237283
0.19075681445803527,0.6686310252077879,1.637995671697999,1.960451298726743,4.145957302837507
1.0538114137072347,1.212481995620215,3.1375750632125783,1.8282095483978529,4.725482086322164
1.4480689241953617,1.1078290981047623,4.167155588068917,5.4122472213241,4.2674900582700035
0.7587675137917169,1.0528669874152103,3.050092047876269,3.7189168955248424,4.599089284978114
-1.2322848071409471,0.5467031377537274,2.809769342261743,3.8480043143945317,4.981224453071427
0.6677037473856845,1.0052581241152876,2.479991594918639,3.250181333574733,6.810322727923909
-0.24615113679045864,1.0789286580521356,2.967674412446952,4.983643465045411,6.393922553540447
-0.6736343759702413,1.0708624286172448,2.019421190875163,2.8280010449277087,4.01559624866548
-0.30268318337573097,1.0951670727989087,3.518465814582685,3.525750729964298,3.9130766449796157
-0.01646428296804947,0.26574340270821617,3.639095450225262,4.349014778894135,3.592987217719201
0.4355554191230684,1.6506115328326687,2.9455669425126243,3.7870753790324407,3.243780163478961
1.35112793575365,1.7231348545253755,1.6218350340740952,4.251295601471418,5.397426165403682
-0.5973068794944133,0.9829726446137492,1.6955402522926175,2.4886742782871245,5.103109977920565
0.33648515057990325,0.3063095366999281,1.174419881510652,3.4637248187959337,3.9297090054922896
0.7015595942277659,1.8725201086345757,4.108285168756534,4.589855449212498,4.115083799316715
-0.4338350401627743,-0.5499843770012818,3.441960679836566,2.858055477040828,4.904206547749554
0.443927936014463,1.2060762845733668,1.4296835818231994,2.23694002599206,3.1854573615081545
1.6966413601919998,1.1324047241228177,1.819231135586454,3.7946439622419734,4.824741897272848
0.2243367114169329,1.058254302411782,3.390980774835683,5.4659875676692025,6.013985843532542
0.00877135095822674,0.07615256526872571,1.8373964824706408,4.511158642561172,4.652411701992653
0.9747178058855699,2.8567939705396097,3.9610430998101114,4.480261177769146,5.701565301510572
0.5975639622031964,0.007641769321626524,2.0718220649569177,2.7927052204437954,2.7453228803494216
1.4207816944120641,0.7907574528148733,2.1098011968750385,4.761036040433562,5.627530870672866
0.9711346695450611,1.1196207543560337,1.4564859041679505,3.2433687058103353,5.9362491377106315
1.320153434027668,0.2907801443626594,2.0476471782112373,5.404375184471672,4.576161038176566
2.1832513636216744,2.0047525725378783,2.419079558482913,5.563445802671639,3.79621434500004
0.7720701540505303,1.8020757262699176,1.764720422831836,1.5810638528502134,5.184324105047921
-1.2574371254541283,-0.620435968976417,0.7074609829788314,5.16380587857995,4.61506107571686
1.172493305142579,2.611998199936453,3.416666530825654,4.770140488351537,4.245584895119433
-1.3123334728728049,1.9568416054550704,3.005179520823389,3.838011785053996,4.987265184702526
0.979642680744219,1.007773058287085,2.5460172228535054,3.2222029163924617,3.4030181597521754
-0.8558856263325175,0.3157674219024803,-0.372626421294489,4.134858515986669,4.835337195208958
0.5208341881236112,2.417649064560064,1.5563543522477803,4.743526507231376,5.539177973122894
-1.044143752247,0.09555280376934527,1.3586963017578126,2.5128003731730284,5.853269468799291
0.9975731367494828,1.7871230330299026,2.499553229187052,5.079569314298679,3.4135836556849197
0.5191695017294959,1.2665686472563207,4.033779059136689,4.872859695750469,3.9610456573392123
-0.002683153461749299,2.951580736874514,3.2932132648422483,3.0673317084217775,5.330435361997965
0.7758468014094833,-0.10286548314740784,2.4770467215920617,2.474658266415487,2.685092615448243
0.424596180471857,1.6049143211610897,4.536431457733729,4.685413706778396,4.8004684321485485
1.8800514400325112,1.6222369602622204,2.2492438202898484,3.3584474905888433,4.6535110494431695
0.38551413981882193,0.8988663797530707,4.4870562956082125,2.697266856862297,4.2797866191960106
0.2354084687733059,0.3866348195615483,1.3570775816904752,3.746930975176873,4.7441871713356845
-1.2702071708404017,0.5653173432428584,2.109612560104714,5.510230842911302,4.460055412014181
0.5262324919953809,2.0822325221442197,2.7858929753457486,1.0947559471394954,4.0719917020781145
-0.44654907469828625,1.371903226967326,2.9934679756721527,4.615549119322861,3.0073128129840088
0.9361719055962997,0.8419677822798428,3.557805607694572,3.6217719883106327,6.6111426880777096
0.08483460797024067,2.42485882956679,2.2397426387554655,4.100884235298253,4.956718846226862
0.7914711349771539,0.7099619067423188,2.7999563589588137,4.990793460351703,5.8064805534394734
-1.0896850078001266,1.7670911692317923,2.151281921533241,4.868309021039323,4.877325395431644
1.8638516143307302,3.073211043745461,4.442510427411986,4.4586136914452705,6.498161447454079
-0.1554810694061453,1.032728336986654,1.9918466458587603,4.292637046431723,5.2093624468489965
2.6133999331631736,1.060101786242988,3.6485063161546205,3.0318417397533386,5.839110153567128
-1.4147089221086986,0.36392249532838616,4.924379826302692,4.276862771429846,4.707946604336748
1.059314115035463,1.3358724091162077,2.9735114582423323,2.632076449159193,5.935740035526259
1.3643993885211732,1.4351029878487442,4.074195802827255,5.524098240899291,7.150075775183032
-1.5301429654129823,-0.37345911943883303,3.2475075222539544,2.7154612390846005,3.742383624686847
-0.16593512778120134,2.2458268946372635,1.4930416315253836,5.246256540747003,4.655610475311418
-0.07784997060845544,2.2045908531936775,2.144183649198876,2.460460983947408,4.241350412384579
0.5079770990470773,1.845951132403581,2.548473380273381,2.2402859007527356,5.424207106987714
-0.08605560500293787,1.605430437739012,0.7570860724816155,2.599140131599481,3.2011205532545035
-0.04682410476664053,0.8156818520061433,1.5813847097666156,3.6663709518209293,4.68616499183147
0.42264793972561265,2.371805257956595,2.842789313094496,2.9774456852481914,5.641522287201608
0.5255727497624272,1.1425799301457413,3.4581261303599393,2.6391634113489637,3.877112868474917
0.28299484487336374,2.350584672685793,1.651785180615677,3.8732676555253196,4.702067768521785
-1.2662604667183808,1.0975467334038125,2.0781031041414435,5.163317306730215,5.583971231797151
1.9151915214935173,1.4738305529925415,0.49658597560270223,3.1374518945217655,5.918234209824577
0.9580533667281104,3.601127912465784,3.46155306840497,3.8864628367525187,4.2208195953932774
-0.5742385066282218,2.3323161954446525,2.115662457333519,3.8577191815140424,5.207564137176599
1.6862616370760937,1.8101844811716683,2.9012949640341104,5.579082400619217,4.429095545510098
0.17284473513482781,0.528388783015187,0.33196962520223994,4.6330073923042665,4.67541724891948
0.5902422454861643,1.268827532260769,2.2258670349090175,3.7804347361460637,4.302199021150313
0.34572514590848535,2.146099049999647,0.8053894902334005,4.549824993137877,4.273540648064767
1.1949766581533434,1.6488465784736384,3.0919625559727226,5.659069773096342,5.1199592191633565
-1.069471512029989,1.2374905159726104,1.7021283867824886,2.9057046626201,3.6713548647231224
-0.8178530048138574,1.3020188235112597,1.398835901576815,2.3523031935913505,5.4636906126159825
-0.32220452834033375,0.007315227958470283,1.6018100195779201,4.6975220271831555,5.3292696930280234
1.0412091058774526,1.7475005887429627,2.7164221424948582,4.358954843547124,4.060843225967917
1.4104311241177054,2.4319785588841683,3.3662645901292247,4.457790238462665,5.167636197782381
1.6973665023070983,2.838029524215445,2.989122887306072,4.470659546391196,4.099680579378486
1.696391251331152,2.25557254775591,1.2235674111492294,3.331771999607309,3.733257176238296
-1.5009538429439808,1.7045901129403283,2.640084201133071,3.8990741210546584,5.3816169311732445
0.7762054354135508,3.5437665057850998,2.758273463475013,5.354325144519008,4.603354796654029
1.5720362807794868,2.5507834515840915,3.285771550103873,2.3687474610187875,5.248412736054383
0.6423605143684799,1.7172902468987132,1.7230797888381704,3.8266069767975575,4.159410410650228
2.347105394546146,2.193383911399855,3.0913863216336863,4.28117951918863,5.40579287946528
1.5164659904924034,0.3987744254176524,2.715988415895995,2.274825948484227,5.919211672335762
-0.03540415334649327,2.1693397818346063,3.165317766157597,4.488314801475589,3.7754463490506627
2.592790113621532,1.6255965476995597,1.931212313908433,2.8993280082092303,4.41728753683473
0.9295587530876873,0.9010298200133419,2.0083769255875747,3.7338109930825683,5.314939175006071
-0.21035921611970076,1.2273874636073212,2.9456130792255935,4.2799197478453515,4.694751935743975
0.8172430142823209,0.863092530412304,1.2729504166945855,4.759132135308095,2.761456896794869
1.6001595157598474,1.5636888604174122,2.8966009649907103,2.398882260125369,5.146015017422243
-1.7326863428728516,-1.3622811925403226,3.080328593768132,1.6747251164859827,5.649890531651397
-0.7556660626727931,0.24762255471748262,0.7991034200530214,2.8639177930154744,4.569811646296737
-0.1372755038116593,1.7842361563293703,2.333855725425975,2.9926397341712363,3.9138033603367264
2.2402613208808893,1.9393589815020462,2.144358782661393,4.221200823642434,3.6922747179591084
0.8575752952718914,0.8627157696040263,0.9363913360278682,3.987357826921653,4.108402983978761
0.011534215653486902,0.8917135824936241,3.143101763442525,4.634308117132231,5.530379896747939
1.8857514288122337,-0.049129126570782056,3.2604863150127654,3.799231705427527,5.42053268612726
-0.37663029218975735,0.7547496887608591,2.5257484197564466,4.818869685729335,5.826585398081291
2.514862562908438,2.5130869560372715,2.93560384304974,4.459457559051376,5.318107627200803
0.2677560398847407,0.3210047864143729,2.7815416778444595,3.3656990275119196,5.230447601237509
0.5330697001144695,2.2696765052274137,1.8271477985014464,3.2519667864545387,5.2833150719694215
1.5547942694591719,2.1684234290047506,4.100410510583875,4.93873237003154,5.621306501091664
0.03414329862418908,2.1996481203531317,2.0470176877976094,4.812855729203302,6.061586962987262
2.160390641874833,2.227556321512093,2.25814358561165,4.356019797680187,5.908552644008961
0.07478690296181201,3.708250440054151,2.4461959672180424,5.08052746963283,4.0321587819286675
0.5983254989642811,-0.010835459993288277,1.3308683251693423,4.3953406958448555,5.089779374075457
0.7158514329212009,1.3508430952649746,3.4562661415731593,3.8043570604253865,6.128572614176278
-0.9421135570291432,1.889369716742556,2.893067822900797,5.665753809157946,6.946783938943267
1.2097221469349215,1.552609548888549,3.002184299038375,3.83618829982611,3.565035558989509
1.176701420660501,2.349921015849986,1.4406352207440307,3.7994916081459196,4.8997262608152665
-1.0424998489842139,2.3537948610989456,2.104283789513274,3.322738719513258,4.241079071350998
1.3679008473726775,1.1211023738624584,1.05615559982328,3.7933661194692068,4.289994502667348
1.6448909788553578,2.0994239565034554,3.455693357493859,3.2007291185267244,3.9728166232827244
-0.9098595811086481,0.543022573945046,3.00650108894106,2.387916786945115,4.136841631232284
2.5200729586888433,3.491623505712205,4.102016113406855,4.9654192242228925,5.500794115260108
0.372502455674935,3.1841670958082764,3.663810931508462,3.0749280432836708,3.383177081142214
-0.9518773215035014,1.7414452822087072,3.193066578262875,3.9838715555858775,5.025537988474726
1.246582116072235,1.4843405551576367,1.658819032479901,3.1493968536680086,3.6555293176602937
0.5050454621236804,1.391212898929228,3.269642716023013,3.7803570600387264,4.094801488833915
3.253394417262715,0.6872023714927882,2.6760868938019637,3.548347418771665,6.5083665465221525
-2.065254438743894,-2.2967538907318077,1.982162144192851,4.376345567833505,5.155815311005031
-0.9618659794884227,1.598517594132775,2.52249164014367,3.2723479012444194,5.250323290575799
2.3697404192845632,3.1645631105024385,2.519847183653485,4.434449082525975,4.217112219680333
-0.20253470300268117,2.052005792385564,2.740113356037141,3.4096515261397946,3.438608675378751
-0.8857077342588178,-0.7156521573656622,0.12477240791008315,3.5597858771329385,5.09129312461547
-0.2903243405254856,0.856490549597406,0.3922006814674861,3.7588055624176118,4.524634230701042
0.377362674847078,2.4479312645288034,1.8953961988948795,5.246986551593636,6.683549529881446
0.5118444271956177,1.3962771553297633,5.240795177790529,3.7073965534031954,5.294815083020107
1.3720694721775542,1.2682223213270671,4.39105650670648,5.071014481242972,6.028710196809756
0.544843743392515,1.7084708324669833,3.595235239257521,3.781650877771575,5.917552679244424
0.7050000801512648,2.506868426210241,2.2386154818800463,5.105505196457127,5.155453532845674
-0.7652825949144799,2.738486737512736,0.6913504788220457,4.783172777251366,6.099869562293673
-0.3447596199093713,-0.005132893437075348,-0.13041097921689282,3.8932310574201114,4.868088772964579
-0.12155740430592367,0.8521824081601219,1.8990809757003302,4.4723812842305355,4.872352588750634
-0.5249695238938803,1.9575140162992977,2.876709704754484,2.727761635486512,3.6333552929790627
-0.5092917900921812,2.130201791954441,3.9636327804579072,1.95739340368948,4.189065745227395
0.7671353511864254,1.1923434811488467,1.1386462378320514,1.733503874285308,5.379148323414141
0.7685299787461375,0.9493993550482265,0.7344779201341993,2.626347280419012,2.013744750672763
-0.12080315537970354,2.5451161456730933,1.881586028349551,6.244174760842325,5.547637593215189
2.386703830485111,1.3897612359803153,1.816385768861072,3.8845039281142553,5.041515122376987
1.4096540917049087,2.2861141491327475,3.59812098499058,4.065821559556417,4.50914595527162
0.387836262137486,2.9576237439592763,1.6551755810623412,1.5093272147196588,5.178384014147125
1.12296429991706,2.609602595403167,2.3800359609298423,3.8317835692207622,4.519876570181646
-0.9045133275222854,2.0493734259403196,0.941695418098087,2.965938460840843,2.8175053802407284
0.30988483450378246,2.1920683319456944,3.4758121795834787,4.704162279881724,3.27453585754363
-0.979325947035057,0.757301407227054,1.6567114979502078,3.215747865778941,6.708996333459514
1.0713134558768984,0.9165258300579855,2.7507070772111484,2.4646716566811318,4.973559535174334
2.703116808211662,1.0569247645088033,3.078658576112688,4.563243240573406,5.670237180830073
1.150592920975441,0.8917783988384491,3.70383511328274,3.990834139758986,5.629127383129049
1.2525199587305291,1.3431089757275583,4.8866144398423295,3.365759143544125,5.192959756062754
0.18706026066399775,1.7201254396805394,2.5234744976010823,4.063545143597869,5.469134224968866
-2.1729945894559717,1.3347243508378641,1.518501965173428,3.7435264774975385,4.876885656450233
0.1057488812710489,1.173550918477109,3.3702108871322327,4.139310404608094,5.762399847605652
0.46459359921525323,1.7714589181724665,0.9047894184664027,4.088813406328298,4.24890015713876
0.7659666975319813,0.9957248990009891,2.158197059268158,3.092170767343505,3.5734064968956383
0.07750511519874871,1.4714864753489247,0.6299348954647375,1.7944963532414957,3.8455959190613354
-0.09653773881726657,0.6611736515167979,1.8399061037777058,2.642692840611947,6.838892716414741
-0.6666533557732746,2.6304747732287286,1.5897705075718944,1.28917318608702,2.9444409442976704
-0.20603373303924594,0.576795184588047,0.7090165809611775,3.6072681336205954,5.219694333334547
0.3286677182624076,2.3687315387127166,0.7472878559668499,2.5869080638540565,5.182803212569766
-0.5875308097147619,0.6526667417994402,2.8116267526606076,3.7534567689317266,4.294078749999895
0.2718438000353611,1.4714907692860177,4.075480923445198,2.421726908847403,3.564751785804436
1.3304845167961776,1.7771194115471325,4.2087775662329845,3.0262699843352423,4.237039413757724
1.0951778528016398,0.5431492551437638,2.7270297830624566,3.1461642539202526,2.792774333930828
1.7952332190970437,1.051083515172989,3.8480824712560313,5.6952182143292704,5.438566602851457
-0.8488143927950803,2.61242637477275,2.5404698770212395,1.5886622488929116,3.656943928516595
-0.3381830756009486,3.3622113598857983,1.5883794095508865,3.437744791586313,1.8959006287502893
0.5662909923670754,2.762685232455024,2.6666895145339002,2.6535909911982793,3.538040597740747
0.36687557419292327,2.2070348898942282,1.9710875617436419,2.7582520439574765,4.369001176113438
0.12150788553357464,0.033146649125540995,2.421182222817691,2.4601615673142994,5.11556173311845
-1.0464812892839008,0.9273407407235361,3.129894436073043,3.2068951451710372,5.010492912756751
-2.744870215636791,0.44763546683249056,1.8622956794857557,3.610265411578545,5.04682210065564
0.8263086018782467,1.0761805458853344,2.0741154666726094,4.65972328436959,4.687228019374863
-0.5329347457574087,1.509159579951498,1.5207518313613466,5.111247235394234,5.553504517158389
0.055537105453152824,1.7234909438842798,2.408380613442314,3.1721979525627995,2.962545946613713
0.38831215400325414,0.9492886974964853,2.099161422338547,2.386198805361584,2.4116314251211906
1.8057012903628247,0.393599856435502,2.8481370172250333,4.043966748086083,5.949833555448209
1.751536331726284,0.6565243406825247,5.429463603883322,3.712607227688207,3.8482481524644507
-1.0930342147242365,1.446960003698671,1.3622055495523726,3.0958430810817887,5.735462465608551
1.1915156666359503,1.5171192486480147,2.53667407238839,2.0611710680544455,3.6626101253154344
-0.9439317003659029,0.1716804078069808,3.1000598203870133,3.3092704152213273,5.3100462868203735
0.7391871406389826,1.0638506346119017,3.131013067267178,4.32142985473492,5.599040692561564
1.0616154213513804,1.515022957105798,2.4223405179122706,4.638255126932164,4.534533751737925
0.798178415208608,1.9838168585971319,2.7421503807130527,4.172929515136013,4.2591634471693265
-0.0755898512707589,0.6215632932431758,3.828038003513816,4.671019054729933,5.04408561317911
1.0283063537610968,2.0886631080256333,3.5179217006566015,3.5225676968783413,5.882171047220571
0.8125671223428744,1.0544516480266641,3.173776800913248,5.157946417078293,3.63341241476187
1.9979597561292657,3.124156795546467,3.915600312220315,3.8600723957584515,4.712159455026865
-1.284087271459041,-0.18858519505866678,1.8541722948373214,2.926370650305941,2.779624070049774
2.185263370898489,2.8727559976876744,2.663943810255518,3.235449940613032,4.843946661445579
1.7005123949851861,1.1475053777895328,2.795496572330239,3.1102941982286065,4.264241746832907
0.18841355384162542,1.4596608538071942,1.778498655169795,4.326352394972707,5.0066047128669
-0.009541618194571333,2.1428787354044845,2.2486117000488575,3.5837260385808345,4.523663966090693
2.0026997303764227,1.9817323692456388,2.694176375694946,4.236263685394055,3.9382172591044604
1.0201898935532876,0.05351693309265815,3.465631325670275,4.24660794353801,3.1756018207663903
0.7422903415191309,2.2040293567692184,4.232459111530172,1.6892410221333147,5.8143925456125745
0.964037157705119,2.4820750198885015,2.627167125336432,4.565212951956904,6.747052736901177
0.19003688413864783,1.3508371993699995,2.8715286777395406,3.6746503080464827,5.134981190372806
